"Rank","first","last","Team","Position","Points","Games","Avg","year","finish"
1,"david","johnson","ARI","RB",361.9,15,24.1,2016,1
2,"aaron","rodgers","GB","QB",345.8,15,23.1,2016,1
3,"matt","ryan","ATL","QB",318.1,15,21.2,2016,2
4,"drew","brees","NO","QB",312.3,15,20.8,2016,3
5,"ezekiel","elliott","DAL","RB",309.4,15,20.6,2016,2
6,"kirk","cousins","MIN","QB",289.2,15,19.3,2016,4
7,"andrew","luck","IND","QB",289.1,14,20.7,2016,5
8,"dak","prescott","DAL","QB",284.7,15,19,2016,6
9,"le'veon","bell","NYJ","RB",279.9,12,23.3,2016,3
10,"lesean","mccoy","BUF","RB",271.7,14,19.4,2016,4
11,"tyrod","taylor","LAC","QB",270.9,15,18.1,2016,7
12,"derek","carr","OAK","QB",268.4,15,17.9,2016,8
13,"demarco","murray","FA","RB",264.9,15,17.7,2016,5
14,"marcus","mariota","TEN","QB",260.7,15,17.4,2016,9
15,"matthew","stafford","DET","QB",259.8,15,17.3,2016,10
16,"blake","bortles","LAR","QB",256.5,15,17.1,2016,11
17,"russell","wilson","SEA","QB",254.4,15,17,2016,12
18,"antonio","brown","OAK","WR",254.3,15,17,2016,1
19,"ben","roethlisberger","PIT","QB",252.3,14,18,2016,13
20,"andy","dalton","CIN","QB",247.2,15,16.5,2016,14
21,"jordy","nelson","FA","WR",246.6,15,16.4,2016,2
21,"jameis","winston","TB","QB",246.6,15,16.4,2016,15
22,"cam","newton","CAR","QB",246.2,14,17.6,2016,16
23,"philip","rivers","LAC","QB",244.1,15,16.3,2016,17
24,"mike","evans","TB","WR",241.1,15,16.1,2016,3
25,"odell","beckham","CLE","WR",239.2,15,15.9,2016,4
26,"joe","flacco","DEN","QB",233.3,15,15.6,2016,18
27,"tom","brady","NE","QB",232.8,11,21.2,2016,19
28,"devonta","freeman","ATL","RB",230.9,15,15.4,2016,6
29,"melvin","gordon","LAC","RB",230.1,13,17.7,2016,7
30,"carson","palmer","FA","QB",223,14,15.9,2016,20
31,"legarrette","blount","FA","RB",218.3,15,14.6,2016,8
32,"eli","manning","NYG","QB",216.9,15,14.5,2016,21
33,"t.y.","hilton","IND","WR",215.8,15,14.4,2016,5
34,"brandin","cooks","LAR","WR",203.9,14,14.6,2016,6
35,"jordan","howard","PHI","RB",202.1,14,14.4,2016,9
36,"doug","baldwin","FA","WR",201.2,15,13.4,2016,7
37,"alex","smith","WAS","QB",199.7,14,14.3,2016,22
38,"julio","jones","ATL","WR",199.3,13,15.3,2016,8
39,"sam","bradford","FA","QB",199,14,14.2,2016,23
40,"mark","ingram","BAL","RB",197,15,13.1,2016,10
41,"carson","wentz","PHI","QB",194.4,15,13,2016,24
42,"jay","ajayi","FA","RB",192.4,14,13.7,2016,11
43,"ryan","tannehill","TEN","QB",190.4,13,14.6,2016,25
44,"davante","adams","GB","WR",189.1,15,12.6,2016,9
45,"latavius","murray","NO","RB",188.7,13,14.5,2016,12
46,"colin","kaepernick","FA","QB",188.1,10,18.8,2016,26
47,"michael","crabtree","FA","WR",187.6,15,12.5,2016,10
48,"frank","gore","BUF","RB",186.7,15,12.4,2016,13
49,"michael","thomas","NO","WR",183.1,14,13.1,2016,11
50,"travis","kelce","KC","TE",179.2,15,11.9,2016,1
51,"carlos","hyde","KC","RB",178.6,13,13.7,2016,14
52,"larry","fitzgerald","ARI","WR",178.1,15,11.9,2016,12
53,"amari","cooper","DAL","WR",178,15,11.9,2016,13
54,"trevor","siemian","NYJ","QB",177.9,13,13.7,2016,27
55,"spencer","ware","IND","RB",177.4,14,12.7,2016,15
56,"lamar","miller","HOU","RB",175.6,14,12.5,2016,16
57,"demaryius","thomas","NE","WR",174.6,15,11.6,2016,14
58,"emmanuel","sanders","DEN","WR",173.1,15,11.5,2016,15
59,"tyrell","williams","OAK","WR",172.4,15,11.5,2016,16
60,"justin","tucker","BAL","K",171,15,11.4,2016,1
60,"matt","bryant","FA","K",171,15,11.4,2016,2
61,"matt","forte","FA","RB",168.6,14,12,2016,17
62,"isaiah","crowell","OAK","RB",168,15,11.2,2016,18
63,"todd","gurley","LAR","RB",167,15,11.1,2016,19
64,"jarvis","landry","CLE","WR",166.4,15,11.1,2016,17
65,"jeremy","hill","FA","RB",165.8,15,11.1,2016,20
66,"greg","olsen","CAR","TE",163.6,15,10.9,2016,2
67,"tevin","coleman","SF","RB",162.2,12,13.5,2016,21
68,"kenny","britt","FA","WR",162.2,15,10.8,2016,18
69,"terrelle","pryor","JAC","WR",162,15,10.8,2016,19
70,"mike","wallace","FA","WR",161.5,15,10.8,2016,20
71,"golden","tate","NYG","WR",160.2,15,10.7,2016,21
72,"tyreek","hill","KC","WR",159.9,15,10.7,2016,22
73,"adam","thielen","MIN","WR",159.5,15,10.6,2016,23
74,"rishard","matthews","FA","WR",157.1,15,10.5,2016,24
75,"philadelphia","eagles","PHI","DST",157,15,10.5,2016,1
75,"kansas","city","KC","DST",157,15,10.5,2016,2
76,"jamison","crowder","NYJ","WR",155.4,15,10.4,2016,25
77,"dez","bryant","FA","WR",155,12,12.9,2016,26
77,"new","england","NE","DST",155,15,10.3,2016,3
78,"julian","edelman","NE","WR",153.6,15,10.2,2016,27
79,"a.j.","green","CIN","WR",153.4,10,15.3,2016,28
80,"minnesota","vikings","MIN","DST",153,15,10.2,2016,4
81,"allen","robinson","CHI","WR",152.1,15,10.1,2016,29
82,"stefon","diggs","MIN","WR",151.3,13,11.6,2016,30
83,"pierre","garcon","FA","WR",150,15,10,2016,31
84,"delanie","walker","TEN","TE",149.6,14,10.7,2016,3
85,"terrance","west","FA","RB",148.5,15,9.9,2016,22
86,"jimmy","graham","GB","TE",148.4,15,9.9,2016,4
87,"brock","osweiler","FA","QB",148.2,14,10.6,2016,28
88,"desean","jackson","PHI","WR",148.1,14,10.6,2016,32
89,"denver","broncos","DEN","DST",148,15,9.9,2016,5
90,"kelvin","benjamin","FA","WR",147.3,15,9.8,2016,33
91,"dustin","hopkins","WAS","K",147,15,9.8,2016,3
92,"bilal","powell","NYJ","RB",146.8,15,9.8,2016,23
93,"sterling","shepard","NYG","WR",146.7,15,9.8,2016,34
94,"willie","snead","BAL","WR",145.8,14,10.4,2016,35
95,"cole","beasley","BUF","WR",145.1,15,9.7,2016,36
96,"kyle","rudolph","MIN","TE",144.3,15,9.6,2016,5
97,"steve","smith","FA","WR",144,13,11.1,2016,37
98,"brandon","lafell","FA","WR",143.8,15,9.6,2016,38
99,"deandre","hopkins","HOU","WR",142.6,15,9.5,2016,39
100,"cameron","brate","TB","TE",142.5,15,9.5,2016,6
101,"adam","vinatieri","IND","K",142,15,9.5,2016,4
102,"arizona","cardinals","ARI","DST",141,15,9.4,2016,6
102,"caleb","sturgis","FA","K",141,15,9.4,2016,5
103,"sebastian","janikowski","FA","K",140,15,9.3,2016,6
103,"matt","prater","DET","K",140,15,9.3,2016,7
104,"ryan","mathews","FA","RB",138.1,13,10.6,2016,24
105,"wil","lutz","NO","K",138,15,9.2,2016,8
106,"miami","dolphins","MIA","DST",136,15,9.1,2016,7
106,"nick","novak","FA","K",136,14,9.7,2016,9
107,"kenny","stills","MIA","WR",135.5,15,9,2016,40
108,"theo","riddick","DEN","RB",135.3,10,13.5,2016,25
109,"baltimore","ravens","BAL","DST",135,15,9,2016,8
109,"graham","gano","CAR","K",135,15,9,2016,10
110,"jordan","matthews","SF","WR",134.9,14,9.6,2016,41
111,"marvin","jones","DET","WR",134.7,14,9.6,2016,42
112,"cameron","meredith","NE","WR",134.3,13,10.3,2016,43
113,"dan","bailey","MIN","K",132,15,8.8,2016,11
114,"darren","sproles","PHI","RB",131.4,14,9.4,2016,26
115,"new","york","NYG","DST",130,15,8.7,2016,9
115,"stephen","gostkowski","NE","K",130,15,8.7,2016,12
116,"martellus","bennett","FA","TE",129.8,15,8.7,2016,7
117,"quincy","enunwa","NYJ","WR",129.3,15,8.6,2016,44
117,"marqise","lee","JAC","WR",129.3,15,8.6,2016,45
118,"seattle","seahawks","SEA","DST",129,15,8.6,2016,10
119,"jonathan","stewart","FA","RB",128.7,12,10.7,2016,27
120,"tampa","bay","TB","DST",127,15,8.5,2016,11
121,"dontrelle","inman","NE","WR",126.9,15,8.5,2016,46
122,"james","white","NE","RB",126.7,15,8.4,2016,28
123,"brandon","marshall","FA","WR",126.7,15,8.4,2016,47
124,"anquan","boldin","FA","WR",126.2,15,8.4,2016,48
125,"brandon","mcmanus","DEN","K",126,15,8.4,2016,13
125,"cairo","santos","TB","K",126,15,8.4,2016,14
126,"jordan","reed","WAS","TE",125.1,11,11.4,2016,8
127,"steven","hauschka","BUF","K",125,15,8.3,2016,15
128,"jason","myers","SEA","K",124,15,8.3,2016,16
129,"taylor","gabriel","CHI","WR",123.9,12,10.3,2016,49
130,"christine","michael","FA","RB",123.9,14,8.9,2016,29
131,"robert","kelley","FA","RB",123.3,13,9.5,2016,30
132,"los","angeles","LAC","DST",123,15,8.2,2016,12
133,"mason","crosby","GB","K",122,15,8.1,2016,17
134,"buffalo","bills","BUF","DST",121,15,8.1,2016,13
135,"ted","ginn","NO","WR",120.7,15,8,2016,50
136,"devante","parker","MIA","WR",119.4,14,8.5,2016,51
137,"alshon","jeffery","PHI","WR",118.6,11,10.8,2016,52
138,"randall","cobb","DAL","WR",118.3,13,9.1,2016,53
139,"duke","johnson","HOU","RB",118.1,15,7.9,2016,31
140,"josh","lambo","JAC","K",117,15,7.8,2016,18
141,"ryan","fitzpatrick","MIA","QB",116.9,13,9,2016,29
142,"tavon","austin","DAL","WR",116.8,14,8.3,2016,54
143,"jason","witten","DAL","TE",116.3,14,8.3,2016,9
144,"chris","thompson","WAS","RB",115.8,15,7.7,2016,32
145,"atlanta","falcons","ATL","DST",115,15,7.7,2016,14
146,"carolina","panthers","CAR","DST",114,15,7.6,2016,15
147,"ryan","succop","TEN","K",113,15,7.5,2016,19
147,"green","bay","GB","DST",113,15,7.5,2016,16
148,"t.j.","yeldon","BUF","RB",112.7,15,7.5,2016,33
149,"j.j.","nelson","OAK","WR",112.6,13,8.7,2016,55
150,"zach","ertz","PHI","TE",112.2,13,8.6,2016,10
151,"dennis","pitta","FA","TE",111.3,15,7.4,2016,11
152,"dallas","cowboys","DAL","DST",111,15,7.4,2016,17
152,"case","keenum","WAS","QB",111,10,11.1,2016,30
153,"ty","montgomery","NYJ","RB",110.9,14,7.9,2016,34
154,"matt","asiata","FA","RB",110.5,15,7.4,2016,35
155,"mike","gillislee","FA","RB",109.6,14,7.8,2016,36
156,"pittsburgh","steelers","PIT","DST",109,15,7.3,2016,18
157,"travis","benjamin","LAC","WR",108.9,14,7.8,2016,56
158,"rashad","jennings","FA","RB",108.7,12,9.1,2016,37
159,"mohamed","sanu","ATL","WR",108.1,14,7.7,2016,57
160,"jack","doyle","IND","TE",107.9,15,7.2,2016,12
161,"antonio","gates","FA","TE",107.3,12,8.9,2016,13
162,"chris","boswell","PIT","K",107,14,7.6,2016,20
163,"coby","fleener","FA","TE",107,15,7.1,2016,14
164,"tim","hightower","FA","RB",106.9,15,7.1,2016,38
165,"jeremy","kerley","FA","WR",105.6,15,7,2016,58
166,"chris","hogan","CAR","WR",105.2,14,7.5,2016,59
167,"eric","ebron","IND","TE",104.6,12,8.7,2016,15
168,"charles","clay","ARI","TE",104.2,14,7.4,2016,16
169,"chicago","bears","CHI","DST",104,15,6.9,2016,19
169,"houston","texans","HOU","DST",104,15,6.9,2016,20
170,"tyler","lockett","SEA","WR",103.6,15,6.9,2016,60
171,"devontae","booker","DEN","RB",103.3,15,6.9,2016,39
172,"chandler","catanzaro","FA","K",103,15,6.9,2016,21
173,"giovani","bernard","CIN","RB",102.8,10,10.3,2016,40
174,"jerick","mckinnon","SF","RB",102.4,14,7.3,2016,41
175,"washington","redskins","WAS","DST",102,15,6.8,2016,21
176,"oakland","raiders","OAK","DST",101,15,6.7,2016,22
177,"jalen","richard","OAK","RB",100.8,15,6.7,2016,42
178,"nick","folk","FA","K",100,15,6.7,2016,22
179,"hunter","henry","LAC","TE",99.9,12,8.3,2016,17
180,"los","angeles","LAR","DST",99,15,6.6,2016,23
180,"dan","carpenter","FA","K",99,15,6.6,2016,23
181,"c.j.","fiedorowicz","FA","TE",98.7,14,7.1,2016,18
182,"cincinnati","bengals","CIN","DST",98,15,6.5,2016,24
183,"mike","nugent","FA","K",97,13,7.5,2016,24
184,"zach","miller","FA","TE",96.1,10,9.6,2016,19
185,"roberto","aguayo","FA","K",96,15,6.4,2016,25
186,"will","fuller","HOU","WR",94.8,13,7.3,2016,61
187,"c.j.","anderson","DET","RB",94.5,7,13.5,2016,43
188,"phil","dawson","FA","K",93,15,6.2,2016,26
189,"eli","rogers","PIT","WR",92.9,12,7.7,2016,62
190,"terrance","williams","FA","WR",92.6,14,6.6,2016,63
191,"brian","quick","WAS","WR",92.4,15,6.2,2016,64
192,"indianapolis","colts","IND","DST",92,15,6.1,2016,25
193,"adam","humphries","TEN","WR",91.1,14,6.5,2016,65
194,"tyler","boyd","CIN","WR",90.7,15,6,2016,66
195,"gary","barnidge","FA","TE",90.2,15,6,2016,20
196,"andrew","franks","FA","K",90,15,6,2016,27
197,"seth","roberts","BAL","WR",88.6,15,5.9,2016,67
198,"detroit","lions","DET","DST",88,15,5.9,2016,26
199,"donte","moncrief","PIT","WR",87.6,9,9.7,2016,68
199,"robby","anderson","NYJ","WR",87.6,13,6.7,2016,69
200,"robert","woods","LAR","WR",87.1,12,7.3,2016,70
201,"vernon","davis","WAS","TE",86.4,14,6.2,2016,21
202,"michael","floyd","BAL","WR",86.2,13,6.6,2016,71
203,"connor","barth","FA","K",86,15,5.7,2016,28
204,"derrick","henry","TEN","RB",85.9,13,6.6,2016,44
205,"dwayne","allen","MIA","TE",85.2,13,6.6,2016,22
206,"robert","turbin","FA","RB",85,14,6.1,2016,45
207,"tajae","sharpe","TEN","WR",84.8,15,5.7,2016,72
208,"chris","ivory","FA","RB",84.5,11,7.7,2016,46
208,"rob","gronkowski","FA","TE",84.5,8,10.6,2016,23
209,"tyler","eifert","CIN","TE",83.9,8,10.5,2016,24
210,"allen","hurns","MIA","WR",83.2,11,7.6,2016,73
211,"cordarrelle","patterson","CHI","WR",83.2,15,5.5,2016,74
212,"cody","parkey","FA","K",83,13,6.4,2016,29
213,"lance","kendricks","NE","TE",82.7,15,5.5,2016,25
214,"tennessee","titans","TEN","DST",82,15,5.5,2016,27
215,"greg","zuerlein","LAR","K",81,14,5.8,2016,30
216,"john","brown","BUF","WR",80.7,14,5.8,2016,75
217,"victor","cruz","FA","WR",80.4,13,6.2,2016,76
218,"jeremy","maclin","FA","WR",80.2,11,7.3,2016,77
219,"malcolm","mitchell","FA","WR",80.1,12,6.7,2016,78
220,"damien","williams","KC","RB",79.6,14,5.7,2016,47
221,"brian","hoyer","NE","QB",79.2,6,13.2,2016,31
222,"doug","martin","OAK","RB",78.5,8,9.8,2016,48
223,"san","francisco","SF","DST",78,15,5.2,2016,28
224,"ryan","griffin","NYJ","TE",77.2,15,5.1,2016,26
225,"cody","kessler","PHI","QB",76.9,9,8.5,2016,32
226,"breshad","perriman","TB","WR",76.4,14,5.5,2016,79
227,"jacquizz","rodgers","NO","RB",75.9,9,8.4,2016,49
228,"kendall","wright","FA","WR",75.6,11,6.9,2016,80
229,"vance","mcdonald","PIT","TE",75.1,10,7.5,2016,27
230,"jacksonville","jaguars","JAC","DST",75,15,5,2016,29
231,"phillip","dorsett","NE","WR",74.7,14,5.3,2016,81
232,"devin","funchess","IND","WR",74.6,14,5.3,2016,82
233,"marquise","goodwin","SF","WR",74.3,13,5.7,2016,83
234,"kenneth","dixon","BAL","RB",73.6,11,6.7,2016,50
235,"blaine","gabbert","TB","QB",73.2,6,12.2,2016,33
236,"jermaine","kearse","DET","WR",72.1,15,4.8,2016,84
237,"matt","jones","FA","RB",71.3,7,10.2,2016,51
238,"nelson","agholor","PHI","WR",70,14,5,2016,85
239,"new","orleans","NO","DST",70,15,4.7,2016,30
239,"deandre","washington","OAK","RB",70,12,5.8,2016,52
240,"jermaine","gresham","FA","TE",69.5,15,4.6,2016,28
240,"shaun","draughn","FA","RB",69.5,14,5,2016,53
241,"corey","coleman","NYG","WR",69.4,9,7.7,2016,86
242,"jesse","james","DET","TE",68.7,15,4.6,2016,29
243,"clive","walford","MIA","TE",68.2,14,4.9,2016,30
243,"deangelo","williams","FA","RB",68.2,7,9.7,2016,54
244,"chris","conley","JAC","WR",67.5,15,4.5,2016,87
245,"sammie","coates","FA","WR",67.4,13,5.2,2016,88
246,"dorial","green-beckham","FA","WR",67.2,13,5.2,2016,89
247,"julius","thomas","FA","TE",67.1,9,7.5,2016,31
248,"matt","barkley","BUF","QB",65.6,6,10.9,2016,34
249,"eddie","royal","FA","WR",65.4,9,7.3,2016,90
250,"zach","zenner","DET","RB",65,10,6.5,2016,55
251,"travaris","cadet","FA","RB",64.7,14,4.6,2016,56
252,"sammy","watkins","KC","WR",63.9,7,9.1,2016,91
253,"andrew","hawkins","FA","WR",63.5,15,4.2,2016,92
254,"will","tye","PHI","TE",62.8,15,4.2,2016,32
255,"dion","sims","FA","TE",62.6,12,5.2,2016,33
256,"new","york","NYJ","DST",62,15,4.1,2016,31
257,"albert","wilson","MIA","WR",61.7,13,4.7,2016,93
258,"thomas","rawls","JAC","RB",61.6,8,7.7,2016,57
259,"cleveland","browns","CLE","DST",61,15,4.1,2016,32
260,"quinton","patton","FA","WR",59.3,13,4.6,2016,94
261,"paul","perkins","NYG","RB",59.1,12,4.9,2016,58
262,"fozzy","whittaker","FA","RB",58.7,15,3.9,2016,59
263,"garrett","celek","SF","TE",58.1,13,4.5,2016,34
264,"danny","amendola","DET","WR",58,12,4.8,2016,95
265,"brandon","coleman","FA","WR",57.8,13,4.4,2016,96
266,"jeremy","langford","FA","RB",57.5,11,5.2,2016,60
267,"blair","walsh","FA","K",57,9,6.3,2016,31
268,"charles","sims","FA","RB",55.9,7,8,2016,61
269,"torrey","smith","CAR","WR",54.7,12,4.6,2016,97
270,"austin","hooper","ATL","TE",54.6,12,4.6,2016,35
270,"russell","shepard","NYG","WR",54.6,12,4.6,2016,98
271,"kyle","juszczyk","SF","RB",54.2,15,3.6,2016,62
272,"kai","forbath","FA","K",54,6,9,2016,32
273,"charcandrick","west","FA","RB",54,14,3.9,2016,63
274,"c.j.","prosise","SEA","RB",52.5,6,8.8,2016,64
275,"richard","rodgers","PHI","TE",52.2,14,3.7,2016,36
276,"josh","mccown","PHI","QB",52.1,5,10.4,2016,35
277,"trey","burton","CHI","TE",50.8,13,3.9,2016,37
278,"alfred","blue","JAC","RB",50.5,13,3.9,2016,65
279,"kamar","aiken","FA","WR",50.1,15,3.3,2016,99
280,"jacob","tamme","FA","TE",50,8,6.3,2016,38
281,"robert","griffin","BAL","QB",50,4,12.5,2016,36
282,"jamize","olawale","DAL","RB",49.9,12,4.2,2016,66
283,"james","starks","FA","RB",49.4,9,5.5,2016,67
284,"jared","cook","NO","TE",49.1,9,5.5,2016,39
285,"john","kuhn","FA","RB",48.7,13,3.7,2016,68
286,"jared","goff","LAR","QB",48.4,6,8.1,2016,37
287,"aldrick","robinson","CAR","WR",48.3,12,4,2016,100
288,"brice","butler","MIA","WR",47.1,13,3.6,2016,101
289,"jay","cutler","FA","QB",46.8,5,9.4,2016,38
290,"josh","brown","FA","K",46,5,9.2,2016,33
290,"robbie","gould","SF","K",46,9,5.1,2016,34
291,"deonte","thompson","NYJ","WR",45.9,14,3.3,2016,102
292,"josh","bellamy","NYJ","WR",45.6,12,3.8,2016,103
293,"ladarius","green","FA","TE",45.4,6,7.6,2016,40
294,"dwayne","washington","NO","RB",43.7,11,4,2016,69
294,"wendell","smallwood","PHI","RB",43.7,12,3.6,2016,70
295,"justin","forsett","FA","RB",43.1,8,5.4,2016,71
296,"philly","brown","FA","WR",42.7,14,3.1,2016,104
297,"levine","toilolo","SF","TE",42.6,12,3.6,2016,41
298,"justin","hardy","ATL","WR",42.5,12,3.5,2016,105
299,"justin","hunter","FA","WR",41,9,4.6,2016,106
300,"eddie","lacy","FA","RB",40.8,5,8.2,2016,72
301,"matt","moore","FA","QB",40.5,3,13.5,2016,39
301,"erik","swoope","FA","TE",40.5,11,3.7,2016,42
302,"dion","lewis","TEN","RB",40,6,6.7,2016,73
302,"rex","burkhead","NE","RB",40,13,3.1,2016,74
303,"paul","richardson","WAS","WR",39.3,12,3.3,2016,107
304,"rod","streater","FA","WR",39.1,13,3,2016,108
305,"kenyan","drake","MIA","RB",38,12,3.2,2016,75
306,"andre","holmes","FA","WR",37.6,15,2.5,2016,109
307,"alfred","morris","DAL","RB",36.9,13,2.8,2016,76
308,"eric","decker","FA","WR",35.9,3,12,2016,110
309,"jimmy","garoppolo","SF","QB",35.6,5,7.1,2016,40
310,"jordan","norwood","FA","WR",33.7,14,2.4,2016,111
311,"dujuan","harris","FA","RB",33.4,7,4.8,2016,77
312,"jordan","taylor","MIN","WR",33.3,10,3.3,2016,112
312,"darrius","heyward-bey","FA","WR",33.3,6,5.6,2016,113
313,"c.j.","uzomah","CIN","TE",33.1,7,4.7,2016,43
314,"marcedes","lewis","GB","TE",32.9,10,3.3,2016,44
315,"bryan","walters","FA","WR",32.7,9,3.6,2016,114
315,"shane","vereen","FA","RB",32.7,5,6.5,2016,78
316,"mychal","rivera","FA","TE",32.3,9,3.6,2016,45
316,"bryce","petty","FA","QB",32.3,6,5.4,2016,41
317,"bennie","fowler","NYG","WR",32,11,2.9,2016,115
318,"peyton","barber","TB","RB",31.7,9,3.5,2016,79
319,"charles","johnson","PHI","WR",31.6,13,2.4,2016,116
320,"kenjon","barner","ATL","RB",31.6,11,2.9,2016,80
321,"virgil","green","LAC","TE",31.5,9,3.5,2016,46
322,"cobi","hamilton","FA","WR",31,10,3.1,2016,117
323,"charone","peake","NYJ","WR",30.9,11,2.8,2016,118
324,"kenneth","farrow","MIA","RB",30.7,11,2.8,2016,81
325,"jeff","janis","FA","WR",30.6,13,2.4,2016,119
326,"jaron","brown","SEA","WR",30.2,6,5,2016,120
327,"andre","roberts","BUF","WR",29.8,15,2,2016,121
328,"xavier","grimble","PIT","TE",29.3,8,3.7,2016,47
329,"kevin","white","ARI","WR",29.1,4,7.3,2016,122
330,"demetrius","harris","CLE","TE",28.8,12,2.4,2016,48
331,"bobby","rainey","FA","RB",28.8,10,2.9,2016,82
332,"harry","douglas","FA","WR",28.5,7,4.1,2016,123
333,"josh","hill","NO","TE",28.4,8,3.6,2016,49
333,"paxton","lynch","SEA","QB",28.4,3,9.5,2016,42
334,"jacoby","brissett","IND","QB",28.3,3,9.4,2016,43
335,"nick","foles","JAC","QB",28,2,14,2016,44
335,"cameron","artis-payne","CAR","RB",28,3,9.3,2016,83
336,"austin","seferian-jenkins","FA","TE",27.9,9,3.1,2016,50
337,"chester","rogers","IND","WR",27.6,13,2.1,2016,124
338,"aaron","ripkowski","FA","RB",27.5,9,3.1,2016,84
339,"kapri","bibbs","FA","RB",27.4,9,3,2016,85
340,"mike","tolbert","FA","RB",27.2,15,1.8,2016,86
341,"benny","cunningham","FA","RB",27.2,11,2.5,2016,87
342,"josh","huff","FA","WR",26.8,10,2.7,2016,125
343,"marquess","wilson","FA","WR",26.5,3,8.8,2016,126
344,"ricardo","louis","MIA","WR",26.3,14,1.9,2016,127
345,"jerell","adams","HOU","TE",26.2,9,2.9,2016,51
346,"randy","bullock","CIN","K",26,4,6.5,2016,35
347,"josh","ferguson","HOU","RB",25.6,14,1.8,2016,88
348,"darren","waller","OAK","TE",25.5,9,2.8,2016,52
349,"orleans","darkwa","FA","RB",25.3,6,4.2,2016,89
350,"roger","lewis","IND","WR",25.2,9,2.8,2016,128
351,"andre","johnson","FA","WR",25,6,4.2,2016,129
352,"vincent","jackson","FA","WR",24.8,5,5,2016,130
353,"ed","dickson","SEA","TE",24.4,12,2,2016,53
354,"marqueis","gray","FA","TE",24.4,10,2.4,2016,54
355,"ameer","abdullah","MIN","RB",24.3,2,12.2,2016,90
356,"anthony","fasano","FA","TE",24.3,10,2.4,2016,55
357,"danny","woodhead","FA","RB",24.1,2,12.1,2016,91
358,"alex","collins","FA","RB",24,8,3,2016,92
359,"lance","dunbar","FA","RB",23.9,11,2.2,2016,93
360,"daniel","brown","NYJ","TE",23.6,5,4.7,2016,56
361,"braxton","miller","FA","WR",23.4,10,2.3,2016,131
362,"freddie","martino","FA","WR",22.8,6,3.8,2016,132
363,"luke","willson","OAK","TE",22.3,9,2.5,2016,57
364,"seth","devalve","CLE","TE",22,7,3.1,2016,58
365,"a.j.","derby","NO","TE",22,6,3.7,2016,59
366,"ben","koyack","JAC","TE",21.6,9,2.4,2016,60
367,"jalin","marshall","FA","WR",21.5,9,2.4,2016,133
368,"walter","powell","FA","WR",21.2,7,3,2016,134
369,"geronimo","allison","GB","WR",21.1,6,3.5,2016,135
370,"brent","celek","FA","TE",21.1,9,2.3,2016,61
371,"stephen","anderson","NE","TE",20.8,8,2.6,2016,62
372,"larry","donnell","FA","TE",20.7,6,3.5,2016,63
372,"cecil","shorts","FA","WR",20.7,7,3,2016,136
373,"ka'deem","carey","FA","RB",20.6,11,1.9,2016,94
374,"brandon","tate","FA","WR",20.5,14,1.5,2016,137
375,"andre","ellington","TB","RB",20.5,13,1.6,2016,95
376,"reggie","bush","FA","RB",20.2,10,2,2016,96
377,"arrelious","benn","FA","WR",20.1,12,1.7,2016,138
377,"jaelen","strong","CLE","WR",20.1,6,3.4,2016,139
378,"tyler","higbee","LAR","TE",20,11,1.8,2016,64
379,"jonathan","grimes","FA","RB",19.5,9,2.2,2016,97
380,"tom","savage","DET","QB",18.5,2,9.3,2016,45
381,"cody","core","CIN","WR",18.3,6,3.1,2016,140
382,"john","phillips","FA","TE",18.2,7,2.6,2016,65
382,"darren","fells","HOU","TE",18.2,8,2.3,2016,66
383,"nick","o'leary","MIA","TE",17.9,11,1.6,2016,67
384,"brandon","myers","FA","TE",17.4,9,1.9,2016,68
385,"crockett","gillmore","FA","TE",17.1,5,3.4,2016,69
386,"neal","sterling","FA","TE",17,6,2.8,2016,70
387,"greg","salas","FA","WR",16.9,2,8.5,2016,141
388,"kerwynn","williams","NO","RB",16.8,4,4.2,2016,98
389,"kevin","hogan","DEN","QB",16.7,3,5.6,2016,46
389,"terron","ward","FA","RB",16.7,5,3.3,2016,99
390,"derek","anderson","FA","QB",16.5,4,4.1,2016,47
390,"james","wright","FA","WR",16.5,11,1.5,2016,142
391,"denard","robinson","FA","RB",16.4,8,2.1,2016,100
392,"rhett","ellison","NYG","TE",16.3,9,1.8,2016,71
392,"arian","foster","FA","RB",16.3,4,4.1,2016,101
393,"andy","janovich","DEN","RB",16.2,9,1.8,2016,102
394,"jordan","cameron","FA","TE",16,3,5.3,2016,72
395,"chris","harper","FA","WR",15.8,7,2.3,2016,143
395,"c.j.","spiller","FA","RB",15.8,6,2.6,2016,103
396,"brittan","golden","NYG","WR",15.7,10,1.6,2016,144
397,"dominique","jones","FA","TE",15.6,5,3.1,2016,73
398,"jeff","heuerman","DEN","TE",15.5,5,3.1,2016,74
398,"chris","johnson","FA","RB",15.5,4,3.9,2016,104
399,"akeem","hunt","TEN","RB",15.3,7,2.2,2016,105
400,"ronnie","hillman","FA","RB",15.3,7,2.2,2016,106
401,"markus","wheaton","FA","WR",15.1,3,5,2016,145
402,"patrick","dimarco","BUF","RB",14.7,9,1.6,2016,107
403,"mack","brown","OAK","RB",14.5,2,7.3,2016,108
404,"tyler","kroft","BUF","TE",14.2,9,1.6,2016,75
405,"david","johnson","FA","TE",13.5,11,1.2,2016,76
406,"antone","smith","FA","RB",13.4,3,4.5,2016,109
407,"corey","grant","FA","RB",13.2,9,1.5,2016,110
408,"paul","turner","FA","WR",13.1,2,6.6,2016,146
409,"mike","davis","CHI","RB",13,7,1.9,2016,111
410,"alan","cross","FA","TE",12.8,10,1.3,2016,77
411,"jonathan","williams","IND","RB",12.8,7,1.8,2016,112
411,"landry","jones","FA","QB",12.8,6,2.1,2016,48
412,"jamaal","charles","FA","RB",12.4,3,4.1,2016,113
413,"tommylee","lewis","DET","WR",12.2,11,1.1,2016,147
414,"ryan","grant","OAK","WR",12.1,12,1,2016,148
415,"pharoh","cooper","ARI","WR",12,8,1.5,2016,149
416,"joshua","perkins","PHI","TE",11.7,5,2.3,2016,78
417,"lucky","whitehead","FA","WR",11.2,14,0.8,2016,150
418,"drew","stanton","CLE","QB",11.1,4,2.8,2016,49
419,"rashard","higgins","CLE","WR",10.7,9,1.2,2016,151
419,"derek","watt","LAC","RB",10.7,8,1.3,2016,114
420,"blake","bell","KC","TE",10.5,8,1.3,2016,79
421,"leonte","carroo","FA","WR",10.4,5,2.1,2016,152
422,"shaun","hill","FA","QB",10.4,2,5.2,2016,50
423,"bryce","treggs","FA","WR",10.2,5,2,2016,153
424,"alex","erickson","CIN","WR",10.1,15,0.7,2016,154
425,"chris","moore","BAL","WR",10,13,0.8,2016,155
425,"jerome","felton","FA","RB",10,11,0.9,2016,115
426,"de'anthony","thomas","FA","WR",9.9,9,1.1,2016,156
426,"geoff","swaim","JAC","TE",9.9,6,1.7,2016,80
427,"gavin","escobar","FA","TE",9.8,5,2,2016,81
428,"charlie","whitehurst","FA","QB",9.4,1,9.4,2016,51
429,"keenan","allen","LAC","WR",9.3,1,9.3,2016,157
430,"brandon","bostick","FA","TE",9.1,8,1.1,2016,82
431,"mike","glennon","OAK","QB",9,1,9,2016,52
432,"scott","tolzien","FA","QB",8.9,2,4.5,2016,53
433,"johnny","holton","PIT","WR",8.7,10,0.9,2016,158
434,"maurice","harris","NE","WR",8.6,6,1.4,2016,159
435,"juwan","thompson","FA","RB",8.5,4,2.1,2016,116
436,"matt","lengel","FA","TE",8.3,1,8.3,2016,83
437,"connor","hamlett","FA","TE",8.2,1,8.2,2016,84
437,"phillip","supernaw","FA","TE",8.2,6,1.4,2016,85
437,"marcel","reece","FA","RB",8.2,3,2.7,2016,117
438,"keith","mumphery","FA","WR",8.1,6,1.4,2016,160
439,"geno","smith","SEA","QB",7.9,2,4,2016,54
439,"trevor","davis","GB","WR",7.9,8,1,2016,161
440,"tj","jones","NYG","WR",7.8,2,3.9,2016,162
441,"josh","doctson","WAS","WR",7.6,2,3.8,2016,163
442,"matt","cassel","FA","QB",7.5,3,2.5,2016,55
442,"adrian","peterson","WAS","RB",7.5,3,2.5,2016,118
443,"nick","boyle","BAL","TE",7.4,3,2.5,2016,86
443,"aaron","burbridge","FA","WR",7.4,14,0.5,2016,164
443,"jace","amaro","FA","TE",7.4,1,7.4,2016,87
444,"cody","latimer","NYG","WR",7.3,9,0.8,2016,165
445,"jarius","wright","CAR","WR",7.3,3,2.4,2016,166
445,"dexter","mccluster","FA","RB",7.3,6,1.2,2016,119
446,"nick","williams","DEN","WR",6.9,1,6.9,2016,167
446,"malcolm","brown","LAR","RB",6.9,9,0.8,2016,120
446,"knile","davis","FA","RB",6.9,8,0.9,2016,121
447,"d.j.","tialavea","FA","TE",6.6,1,6.6,2016,88
448,"javorius","allen","FA","RB",6.4,4,1.6,2016,122
449,"darren","mcfadden","FA","RB",6.2,2,3.1,2016,123
450,"michael","campanaro","FA","WR",6.2,2,3.1,2016,168
451,"mike","james","FA","RB",6.1,3,2,2016,124
452,"ben","braunecker","CHI","TE",6.1,5,1.2,2016,89
453,"patrick","murray","FA","K",6,2,3,2016,36
453,"ifeanyi","momah","FA","TE",6,5,1.2,2016,90
454,"lee","smith","BUF","TE",5.9,3,2,2016,91
454,"jordan","todman","FA","RB",5.9,13,0.5,2016,125
455,"quan","bray","FA","WR",5.8,6,1,2016,169
455,"dwayne","harris","OAK","WR",5.8,15,0.4,2016,170
456,"fitzgerald","toussaint","FA","RB",5.8,11,0.5,2016,126
457,"trevone","boykin","FA","QB",5.5,3,1.8,2016,56
457,"justin","perillo","FA","TE",5.5,4,1.4,2016,92
457,"taiwan","jones","HOU","RB",5.5,9,0.6,2016,127
458,"bradley","marquez","FA","WR",5.4,9,0.6,2016,171
458,"troymaine","pope","LAC","RB",5.4,4,1.4,2016,128
459,"daniel","lasco","FA","RB",5.3,5,1.1,2016,129
460,"ej","manuel","FA","QB",5.2,4,1.3,2016,57
461,"malcolm","johnson","GB","RB",5.1,5,1,2016,130
462,"nick","vannett","SEA","TE",4.7,3,1.6,2016,93
463,"wendall","williams","FA","WR",4.4,1,4.4,2016,172
464,"dan","vitale","GB","RB",4.3,4,1.1,2016,131
465,"luke","stocker","ATL","TE",4.2,5,0.8,2016,94
466,"byron","marshall","WAS","RB",3.8,1,3.8,2016,132
467,"niles","paul","FA","TE",3.7,4,0.9,2016,95
468,"rashad","greene","FA","WR",3.7,8,0.5,2016,173
469,"sean","mcgrath","FA","TE",3.5,6,0.6,2016,96
470,"clay","harbor","FA","TE",3.4,3,1.1,2016,97
471,"james","develin","NE","RB",3.3,8,0.4,2016,133
471,"isaiah","pead","FA","RB",3.3,2,1.7,2016,134
472,"griff","whalen","FA","WR",3.2,4,0.8,2016,174
472,"don","jackson","FA","RB",3.2,3,1.1,2016,135
473,"d.j.","foster","ARI","RB",3.1,3,1,2016,136
474,"ross","travis","IND","TE",3,4,0.8,2016,98
474,"logan","paulsen","ATL","TE",3,7,0.4,2016,99
475,"shane","wynn","FA","WR",2.9,2,1.5,2016,175
475,"brandon","bolden","NE","RB",2.9,6,0.5,2016,137
476,"cole","wick","TEN","TE",2.8,3,0.9,2016,100
477,"percy","harvin","FA","WR",2.7,1,2.7,2016,176
478,"alex","ellis","PHI","TE",2.6,4,0.7,2016,101
479,"devin","smith","DAL","WR",2.5,2,1.3,2016,177
479,"devin","street","FA","WR",2.5,2,1.3,2016,178
479,"lorenzo","taliaferro","FA","RB",2.5,1,2.5,2016,138
480,"anthony","sherman","KC","RB",2.4,7,0.3,2016,139
481,"je'ron","hamm","FA","TE",2.3,2,1.2,2016,102
481,"ryan","hewitt","TEN","RB",2.3,4,0.6,2016,140
482,"jalston","fowler","FA","RB",2.2,5,0.4,2016,141
483,"brandon","williams","FA","TE",2.1,4,0.5,2016,103
483,"jeremy","butler","FA","WR",2.1,2,1.1,2016,179
484,"laquon","treadwell","MIN","WR",2,4,0.5,2016,180
484,"jay","prosch","FA","RB",2,7,0.3,2016,142
484,"derek","carrier","OAK","TE",2,2,1,2016,104
485,"gerald","christian","FA","TE",1.9,1,1.9,2016,105
486,"henry","krieger","FA","TE",1.8,1,1.8,2016,106
487,"brandon","wilds","SF","RB",1.8,2,0.9,2016,143
488,"paul","lasike","FA","RB",1.6,5,0.3,2016,144
489,"chris","manhertz","CAR","TE",1.5,1,1.5,2016,107
489,"zach","line","NO","RB",1.5,7,0.2,2016,145
489,"antonio","andrews","FA","RB",1.5,7,0.2,2016,146
490,"randall","telfer","FA","TE",1.4,4,0.4,2016,108
490,"demarcus","ayers","FA","WR",1.4,1,1.4,2016,181
491,"rashad","ross","CAR","WR",1.3,2,0.7,2016,182
491,"jared","abbrederis","FA","WR",1.3,2,0.7,2016,183
491,"matthew","mulligan","FA","TE",1.3,1,1.3,2016,109
492,"mike","thomas","LAR","WR",1.2,7,0.2,2016,184
493,"terrence","magee","FA","RB",1.2,1,1.2,2016,147
493,"brenton","bersin","FA","WR",1.2,1,1.2,2016,185
493,"mycole","pruitt","TEN","TE",1.2,1,1.2,2016,110
493,"stepfan","taylor","FA","RB",1.2,3,0.4,2016,148
494,"tavarres","king","FA","WR",1.1,2,0.6,2016,186
495,"rod","smith","NYG","RB",0.9,3,0.3,2016,149
495,"david","morgan","MIN","TE",0.9,2,0.5,2016,111
495,"james","o'shaughnessy","JAC","TE",0.9,9,0.1,2016,112
495,"matt","mcgloin","FA","QB",0.9,2,0.5,2016,58
496,"joique","bell","FA","RB",0.9,2,0.5,2016,150
497,"marcus","murphy","BUF","RB",0.8,2,0.4,2016,151
497,"joe","webb","HOU","QB",0.8,9,0.1,2016,59
497,"jordan","payton","FA","WR",0.8,2,0.4,2016,187
498,"daryl","richardson","FA","RB",0.7,2,0.4,2016,152
498,"stevan","ridley","FA","RB",0.7,1,0.7,2016,153
499,"keith","smith","OAK","RB",0.6,3,0.2,2016,154
499,"chase","daniel","CHI","QB",0.6,1,0.6,2016,60
500,"troy","niklas","FA","TE",0.5,3,0.2,2016,113
501,"matt","schaub","ATL","QB",0.4,3,0.1,2016,61
502,"khiry","robinson","FA","RB",0.2,1,0.2,2016,155
502,"will","tukuafu","FA","RB",0.2,4,0.1,2016,156
503,"mark","sanchez","FA","QB",0.1,1,0.1,2016,62
504,"ryan","mallett","FA","QB",0,3,0,2016,63
505,"geremy","davis","LAC","WR",0,2,0,2016,188
505,"kellen","davis","FA","TE",0,3,0,2016,114
505,"eric","weems","FA","WR",0,15,0,2016,189
505,"marc","mariani","FA","WR",0,15,0,2016,190
505,"bralon","addison","FA","RB",0,1,0,2016,157
505,"michael","burton","NO","RB",0,1,0,2016,158
505,"mario","alford","FA","WR",0,2,0,2016,191
505,"temarrick","hemingway","CAR","TE",0,1,0,2016,115
505,"jake","lampman","FA","WR",0,4,0,2016,192
505,"roosevelt","nix","PIT","RB",0,5,0,2016,159
505,"joe","kerridge","CLE","RB",0,1,0,2016,160
505,"vince","mayle","LAC","WR",0,2,0,2016,193
505,"hakeem","valles","FA","TE",0,4,0,2016,116
505,"cedric","peerman","FA","RB",0,3,0,2016,161
505,"jeremy","ross","FA","WR",0,4,0,2016,194
505,"khari","lee","FA","TE",0,1,0,2016,117
505,"braedon","bowman","FA","TE",0,2,0,2016,118
505,"maxx","williams","ARI","TE",0,1,0,2016,119
505,"chase","reynolds","FA","RB",0,8,0,2016,162
505,"isaiah","burse","FA","WR",0,7,0,2016,195
505,"george","atkinson","FA","RB",0,8,0,2016,163
505,"julian","howsare","FA","RB",0,1,0,2016,164
505,"dezmin","lewis","FA","WR",0,1,0,2016,196
505,"daniel","braverman","FA","WR",0,2,0,2016,197
505,"demarcus","robinson","KC","WR",0,4,0,2016,198
506,"kellen","clemens","FA","QB",-0.1,1,-0.1,2016,64
507,"chad","henne","KC","QB",-0.2,1,-0.2,2016,65
508,"tyler","ervin","BAL","RB",-0.4,11,0,2016,165
509,"matt","slater","NE","WR",-1.5,6,-0.3,2016,199
509,"brett","hundley","ARI","QB",-1.5,4,-0.4,2016,66
510,"devin","hester","FA","WR",-2,12,-0.2,2016,200
510,"jakeem","grant","MIA","WR",-2,13,-0.2,2016,201
510,"kalif","raymond","TEN","WR",-2,3,-0.7,2016,202
510,"keshawn","martin","FA","WR",-2,1,-2,2016,203
1,"todd","gurley","LAR","RB",351.3,15,23.4,2017,1
2,"russell","wilson","SEA","QB",327.4,15,21.8,2017,1
3,"le'veon","bell","NYJ","RB",299.1,15,19.9,2017,2
4,"alex","smith","WAS","QB",295.1,15,19.7,2017,2
5,"cam","newton","CAR","QB",288.4,15,19.2,2017,3
6,"carson","wentz","PHI","QB",283.7,13,21.8,2017,4
7,"tom","brady","NE","QB",280.3,15,18.7,2017,5
8,"kirk","cousins","MIN","QB",270.1,15,18,2017,6
9,"deandre","hopkins","HOU","WR",261.8,15,17.5,2017,1
10,"ben","roethlisberger","PIT","QB",260.6,15,17.4,2017,7
11,"antonio","brown","OAK","WR",259.8,14,18.6,2017,2
12,"kareem","hunt","CLE","RB",259.2,15,17.3,2017,3
13,"jared","goff","LAR","QB",255.5,15,17,2017,8
14,"alvin","kamara","NO","RB",252.6,15,16.8,2017,4
15,"drew","brees","NO","QB",248.6,15,16.6,2017,9
16,"dak","prescott","DAL","QB",248,15,16.5,2017,10
17,"matthew","stafford","DET","QB",246.7,15,16.4,2017,11
18,"blake","bortles","LAR","QB",246.5,15,16.4,2017,12
19,"melvin","gordon","LAC","RB",243.7,15,16.2,2017,5
20,"philip","rivers","LAC","QB",242.5,15,16.2,2017,13
21,"mark","ingram","BAL","RB",241.6,15,16.1,2017,6
22,"lesean","mccoy","BUF","RB",229.9,15,15.3,2017,7
23,"case","keenum","WAS","QB",226.5,14,16.2,2017,14
24,"matt","ryan","ATL","QB",210,15,14,2017,15
25,"tyrod","taylor","LAC","QB",206.9,14,14.8,2017,16
26,"josh","mccown","PHI","QB",205.6,13,15.8,2017,17
27,"keenan","allen","LAC","WR",203.4,15,13.6,2017,3
28,"tyreek","hill","KC","WR",201.7,15,13.4,2017,4
29,"julio","jones","ATL","WR",197.4,15,13.2,2017,5
29,"larry","fitzgerald","ARI","WR",197.4,15,13.2,2017,6
30,"marcus","mariota","TEN","QB",197,14,14.1,2017,18
31,"leonard","fournette","JAC","RB",196.6,12,16.4,2017,8
32,"derek","carr","OAK","QB",196.5,14,14,2017,19
33,"jacoby","brissett","IND","QB",195.6,15,13,2017,20
34,"michael","thomas","NO","WR",194.1,15,12.9,2017,7
35,"rob","gronkowski","FA","TE",192.8,13,14.8,2017,1
36,"travis","kelce","KC","TE",192,15,12.8,2017,2
37,"jacksonville","jaguars","JAC","DST",190,15,12.7,2017,1
37,"andy","dalton","CIN","QB",190,15,12.7,2017,21
38,"a.j.","green","CIN","WR",186.6,15,12.4,2017,8
39,"jordan","howard","PHI","RB",186.1,15,12.4,2017,9
40,"davante","adams","GB","WR",185.5,14,13.3,2017,9
41,"adam","thielen","MIN","WR",185.2,15,12.3,2017,10
42,"jarvis","landry","CLE","WR",184.3,15,12.3,2017,11
43,"carlos","hyde","KC","RB",183.5,15,12.2,2017,10
44,"baltimore","ravens","BAL","DST",183,15,12.2,2017,2
45,"greg","zuerlein","LAR","K",182,14,13,2017,1
46,"christian","mccaffrey","CAR","RB",180.7,15,12,2017,11
47,"eli","manning","NYG","QB",180.4,14,12.9,2017,22
48,"marvin","jones","DET","WR",178.5,15,11.9,2017,12
49,"jameis","winston","TB","QB",178.1,12,14.8,2017,23
50,"ezekiel","elliott","DAL","RB",174.6,9,19.4,2017,12
51,"lamar","miller","HOU","RB",171.8,15,11.5,2017,13
52,"brandin","cooks","LAR","WR",171.5,15,11.4,2017,13
53,"joe","flacco","DEN","QB",170.8,15,11.4,2017,24
54,"deshaun","watson","HOU","QB",168.8,7,24.1,2017,25
55,"robby","anderson","NYJ","WR",167.7,15,11.2,2017,14
56,"alshon","jeffery","PHI","WR",166.1,15,11.1,2017,15
57,"stephen","gostkowski","NE","K",166,15,11.1,2017,2
58,"los","angeles","LAR","DST",165,15,11,2017,3
59,"doug","baldwin","FA","WR",164.8,15,11,2017,16
60,"duke","johnson","HOU","RB",162.6,15,10.8,2017,14
61,"zach","ertz","PHI","TE",162,13,12.5,2017,3
62,"devonta","freeman","ATL","RB",160.9,13,12.4,2017,15
63,"philadelphia","eagles","PHI","DST",160,15,10.7,2017,4
64,"nelson","agholor","PHI","WR",159.2,15,10.6,2017,17
65,"robbie","gould","SF","K",159,15,10.6,2017,3
66,"mike","evans","TB","WR",157.6,14,11.3,2017,18
67,"jay","cutler","FA","QB",157.5,13,12.1,2017,26
68,"golden","tate","NYG","WR",156.6,15,10.4,2017,19
69,"c.j.","anderson","DET","RB",155,15,10.3,2017,16
69,"chris","boswell","PIT","K",155,15,10.3,2017,4
70,"wil","lutz","NO","K",154,15,10.3,2017,5
71,"dion","lewis","TEN","RB",152.7,15,10.2,2017,17
72,"justin","tucker","BAL","K",152,15,10.1,2017,6
72,"demarco","murray","FA","RB",152,15,10.1,2017,18
73,"devin","funchess","IND","WR",151.7,15,10.1,2017,20
74,"stefon","diggs","MIN","WR",151.5,13,11.7,2017,21
75,"deshone","kizer","GB","QB",151.2,14,10.8,2017,27
76,"harrison","butker","KC","K",151,12,12.6,2017,7
77,"los","angeles","LAC","DST",150,15,10,2017,5
78,"demaryius","thomas","NE","WR",149.7,15,10,2017,22
79,"tevin","coleman","SF","RB",149.7,14,10.7,2017,19
80,"jerick","mckinnon","SF","RB",148.2,15,9.9,2017,20
81,"dez","bryant","FA","WR",148.1,15,9.9,2017,23
82,"ryan","succop","TEN","K",147,15,9.8,2017,8
83,"frank","gore","BUF","RB",146.5,15,9.8,2017,21
84,"cooper","kupp","LAR","WR",145.9,15,9.7,2017,24
85,"kai","forbath","FA","K",145,15,9.7,2017,9
86,"t.y.","hilton","IND","WR",144.2,15,9.6,2017,25
87,"matt","bryant","FA","K",143,15,9.5,2017,10
88,"alex","collins","FA","RB",142.9,14,10.2,2017,22
89,"matt","prater","DET","K",142,15,9.5,2017,11
90,"evan","engram","NYG","TE",141.6,15,9.4,2017,4
91,"marshawn","lynch","FA","RB",141.4,14,10.1,2017,23
92,"detroit","lions","DET","DST",141,15,9.4,2017,6
93,"kenny","stills","MIA","WR",140.8,15,9.4,2017,26
94,"michael","crabtree","FA","WR",140.1,12,11.7,2017,27
95,"javorius","allen","FA","RB",139.4,15,9.3,2017,24
96,"jake","elliott","PHI","K",139,14,9.9,2017,12
97,"new","orleans","NO","DST",138,15,9.2,2017,7
98,"juju","smith-schuster","PIT","WR",137.9,13,10.6,2017,28
99,"jimmy","graham","GB","TE",136.5,15,9.1,2017,5
100,"carolina","panthers","CAR","DST",136,15,9.1,2017,8
101,"robert","woods","LAR","WR",135.3,12,11.3,2017,29
102,"jermaine","kearse","DET","WR",135.1,15,9,2017,30
103,"delanie","walker","TEN","TE",134.1,15,8.9,2017,6
104,"seattle","seahawks","SEA","DST",133,15,8.9,2017,9
105,"chris","thompson","WAS","RB",131.9,10,13.2,2017,25
106,"mohamed","sanu","ATL","WR",130.2,14,9.3,2017,31
107,"chicago","bears","CHI","DST",130,15,8.7,2017,10
108,"marquise","goodwin","SF","WR",129.8,15,8.7,2017,32
109,"aaron","rodgers","GB","QB",129.5,7,18.5,2017,28
110,"kyle","rudolph","MIN","TE",128.9,15,8.6,2017,7
111,"rishard","matthews","FA","WR",128.5,13,9.9,2017,33
112,"paul","richardson","WAS","WR",128.3,15,8.6,2017,34
113,"ted","ginn","NO","WR",128.1,14,9.2,2017,35
114,"bilal","powell","NYJ","RB",127.6,14,9.1,2017,26
115,"isaiah","crowell","OAK","RB",127.4,15,8.5,2017,27
116,"mitch","trubisky","CHI","QB",127.3,11,11.6,2017,29
117,"sammy","watkins","KC","WR",126.8,15,8.5,2017,36
118,"trevor","siemian","NYJ","QB",126.2,11,11.5,2017,30
119,"latavius","murray","NO","RB",126,15,8.4,2017,28
119,"graham","gano","CAR","K",126,15,8.4,2017,13
119,"steven","hauschka","BUF","K",126,15,8.4,2017,14
120,"theo","riddick","DEN","RB",124.3,15,8.3,2017,29
121,"jamison","crowder","NYJ","WR",123.4,14,8.8,2017,37
122,"jay","ajayi","FA","RB",123.1,14,8.8,2017,30
123,"pittsburgh","steelers","PIT","DST",122,15,8.1,2017,11
124,"giovani","bernard","CIN","RB",120.2,15,8,2017,31
125,"marqise","lee","JAC","WR",119.9,13,9.2,2017,38
126,"joe","mixon","CIN","RB",118.1,13,9.1,2017,32
127,"phil","dawson","FA","K",118,15,7.9,2017,15
128,"jamaal","williams","GB","RB",117.5,14,8.4,2017,33
129,"jack","doyle","IND","TE",117.2,14,8.4,2017,8
130,"kenyan","drake","MIA","RB",115.8,15,7.7,2017,34
131,"amari","cooper","DAL","WR",115.4,13,8.9,2017,39
132,"adam","vinatieri","IND","K",115,14,8.2,2017,16
132,"sterling","shepard","NYG","WR",115,11,10.5,2017,40
133,"rex","burkhead","NE","RB",114.8,10,11.5,2017,35
134,"brett","hundley","ARI","QB",114.2,10,11.4,2017,31
135,"cameron","brate","TB","TE",113.9,15,7.6,2017,9
136,"desean","jackson","PHI","WR",113.6,14,8.1,2017,41
137,"jonathan","stewart","FA","RB",113.2,15,7.5,2017,36
138,"chandler","catanzaro","FA","K",113,14,8.1,2017,17
139,"jason","witten","DAL","TE",112.8,15,7.5,2017,10
140,"mike","wallace","FA","WR",112.7,14,8.1,2017,42
141,"tarik","cohen","CHI","RB",112.4,15,7.5,2017,37
142,"derrick","henry","TEN","RB",111.3,15,7.4,2017,38
143,"randall","cobb","DAL","WR",111.1,13,8.5,2017,43
144,"jordy","nelson","FA","WR",110.7,14,7.9,2017,44
145,"new","england","NE","DST",110,15,7.3,2017,12
146,"minnesota","vikings","MIN","DST",109,15,7.3,2017,13
147,"keelan","cole","JAC","WR",108.5,15,7.2,2017,45
148,"kelvin","benjamin","FA","WR",107.5,13,8.3,2017,46
149,"orleans","darkwa","FA","RB",106.8,14,7.6,2017,39
150,"washington","redskins","WAS","DST",106,15,7.1,2017,14
150,"kansas","city","KC","DST",106,15,7.1,2017,15
151,"james","white","NE","RB",106,14,7.6,2017,40
152,"arizona","cardinals","ARI","DST",105,15,7,2017,16
153,"eric","ebron","IND","TE",104.5,15,7,2017,11
154,"hunter","henry","LAC","TE",104.4,12,8.7,2017,12
155,"brandon","mcmanus","DEN","K",103,14,7.4,2017,18
156,"ameer","abdullah","MIN","RB",102.5,13,7.9,2017,41
157,"carson","palmer","FA","QB",102.4,7,14.6,2017,32
157,"matt","forte","FA","RB",102.4,12,8.5,2017,42
158,"tyrell","williams","OAK","WR",102.1,15,6.8,2017,47
158,"danny","amendola","DET","WR",102.1,14,7.3,2017,48
159,"blair","walsh","FA","K",101,15,6.7,2017,19
160,"jared","cook","NO","TE",100.7,15,6.7,2017,13
161,"ryan","grant","OAK","WR",100.5,15,6.7,2017,49
162,"buffalo","bills","BUF","DST",100,15,6.7,2017,17
163,"legarrette","blount","FA","RB",98.3,15,6.6,2017,43
164,"martavis","bryant","FA","WR",98,14,7,2017,50
165,"vernon","davis","WAS","TE",97.3,15,6.5,2017,14
166,"samaje","perine","WAS","RB",97.2,12,8.1,2017,44
167,"benjamin","watson","NE","TE",97.1,15,6.5,2017,15
168,"dallas","cowboys","DAL","DST",97,15,6.5,2017,18
168,"denver","broncos","DEN","DST",97,15,6.5,2017,19
169,"josh","doctson","WAS","WR",96.6,14,6.9,2017,51
170,"will","fuller","HOU","WR",96.5,9,10.7,2017,52
171,"green","bay","GB","DST",96,15,6.4,2017,20
172,"brandon","lafell","FA","WR",94.3,15,6.3,2017,53
173,"ka'imi","fairbairn","HOU","K",94,14,6.7,2017,20
174,"austin","ekeler","LAC","RB",93.4,14,6.7,2017,45
175,"tennessee","titans","TEN","DST",93,15,6.2,2017,21
175,"cody","parkey","FA","K",93,14,6.6,2017,21
176,"chris","hogan","CAR","WR",92.6,9,10.3,2017,54
177,"devante","parker","MIA","WR",92.1,12,7.7,2017,55
178,"tampa","bay","TB","DST",92,15,6.1,2017,22
179,"tyler","lockett","SEA","WR",91.8,15,6.1,2017,56
180,"kendall","wright","FA","WR",91.5,13,7,2017,57
181,"cincinnati","bengals","CIN","DST",91,15,6.1,2017,23
182,"emmanuel","sanders","DEN","WR",91,12,7.6,2017,58
183,"austin","hooper","ATL","TE",90.1,15,6,2017,16
184,"travis","benjamin","LAC","WR",89.3,15,6,2017,59
185,"c.j.","beathard","SF","QB",88.8,6,14.8,2017,33
186,"o.j.","howard","TB","TE",88.2,13,6.8,2017,17
187,"corey","clement","PHI","RB",87.4,14,6.2,2017,46
188,"atlanta","falcons","ATL","DST",87,15,5.8,2017,24
189,"eric","decker","FA","WR",86,15,5.7,2017,60
189,"miami","dolphins","MIA","DST",86,15,5.7,2017,25
190,"giorgio","tavecchio","ATL","K",85,14,6.1,2017,22
191,"adam","humphries","TEN","WR",84.5,15,5.6,2017,61
192,"randy","bullock","CIN","K",84,13,6.5,2017,23
193,"tyler","kroft","BUF","TE",83.1,14,5.9,2017,18
194,"rod","smith","NYG","RB",82.9,13,6.4,2017,47
194,"charles","clay","ARI","TE",82.9,12,6.9,2017,19
195,"deonte","thompson","NYJ","WR",82.7,15,5.5,2017,62
196,"terrance","williams","FA","WR",82.4,15,5.5,2017,63
197,"matt","breida","SF","RB",82.1,15,5.5,2017,48
198,"marlon","mack","IND","RB",82,13,6.3,2017,49
199,"josh","lambo","JAC","K",82,9,9.1,2017,24
199,"indianapolis","colts","IND","DST",82,15,5.5,2017,26
199,"jeremy","maclin","FA","WR",82,12,6.8,2017,64
200,"houston","texans","HOU","DST",81,15,5.4,2017,27
200,"dan","bailey","MIN","K",81,10,8.1,2017,25
201,"ty","montgomery","NYJ","RB",80.1,8,10,2017,50
202,"patrick","murray","FA","K",80,11,7.3,2017,26
202,"mason","crosby","GB","K",80,14,5.7,2017,27
203,"wayne","gallman","NYG","RB",79,12,6.6,2017,51
204,"jaron","brown","SEA","WR",78.2,15,5.2,2017,65
205,"aldrick","rosas","NYG","K",78,15,5.2,2017,28
206,"julius","thomas","FA","TE",77.3,14,5.5,2017,20
207,"austin","seferian-jenkins","FA","TE",76.7,13,5.9,2017,21
208,"j.j.","nelson","OAK","WR",76.3,15,5.1,2017,66
209,"j.d.","mckissic","SEA","RB",75.9,11,6.9,2017,52
210,"aaron","jones","GB","RB",75.5,10,7.6,2017,53
211,"albert","wilson","MIA","WR",75.3,12,6.3,2017,67
212,"new","york","NYG","DST",75,15,5,2017,28
213,"jesse","james","DET","TE",74.8,13,5.8,2017,22
214,"allen","hurns","MIA","WR",74.6,9,8.3,2017,68
215,"chris","ivory","FA","RB",74.2,14,5.3,2017,54
216,"david","njoku","CLE","TE",73.9,15,4.9,2017,23
217,"ryan","fitzpatrick","MIA","QB",73.7,6,12.3,2017,34
218,"marcedes","lewis","GB","TE",73.5,15,4.9,2017,24
219,"cole","beasley","BUF","WR",73.4,15,4.9,2017,69
220,"adrian","peterson","WAS","RB",73.4,10,7.3,2017,55
221,"george","kittle","SF","TE",73,14,5.2,2017,25
222,"torrey","smith","CAR","WR",72.7,15,4.8,2017,70
223,"t.j.","yeldon","BUF","RB",71.9,9,8,2017,56
224,"jimmy","garoppolo","SF","QB",71.8,5,14.4,2017,35
224,"doug","martin","OAK","RB",71.8,10,7.2,2017,57
225,"roger","lewis","IND","WR",71.6,15,4.8,2017,71
226,"jalen","richard","OAK","RB",71.5,15,4.8,2017,58
227,"devontae","booker","DEN","RB",71.3,12,5.9,2017,59
228,"trent","taylor","SF","WR",70.6,14,5,2017,72
229,"pierre","garcon","FA","WR",70,8,8.8,2017,73
229,"zane","gonzalez","ARI","K",70,15,4.7,2017,29
229,"new","york","NYJ","DST",70,15,4.7,2017,29
230,"cordarrelle","patterson","CHI","WR",69.6,15,4.6,2017,74
231,"alfred","morris","DAL","RB",68.6,12,5.7,2017,60
232,"mike","gillislee","FA","RB",68.3,9,7.6,2017,61
233,"brock","osweiler","FA","QB",68.1,6,11.4,2017,36
234,"cleveland","browns","CLE","DST",68,15,4.5,2017,30
234,"san","francisco","SF","DST",68,15,4.5,2017,31
235,"andre","ellington","TB","RB",67.9,10,6.8,2017,62
236,"trey","burton","CHI","TE",66.9,13,5.1,2017,26
237,"deandre","washington","OAK","RB",66.7,14,4.8,2017,63
238,"oakland","raiders","OAK","DST",66,15,4.4,2017,32
239,"kenny","golladay","DET","WR",65.6,10,6.6,2017,75
240,"taylor","gabriel","CHI","WR",65.2,15,4.3,2017,76
240,"elijah","mcguire","NYJ","RB",65.2,14,4.7,2017,64
241,"garrett","celek","SF","TE",64.8,12,5.4,2017,27
242,"donte","moncrief","PIT","WR",64.1,12,5.3,2017,77
243,"brian","hoyer","NE","QB",63.8,9,7.1,2017,37
244,"tj","jones","NYG","WR",62.9,13,4.8,2017,78
245,"brandon","coleman","FA","WR",62.3,14,4.5,2017,79
246,"peyton","barber","TB","RB",61.8,12,5.2,2017,65
247,"seth","roberts","BAL","WR",61.7,14,4.4,2017,80
248,"blaine","gabbert","TB","QB",61.6,5,12.3,2017,38
249,"ed","dickson","SEA","TE",61.5,13,4.7,2017,28
249,"odell","beckham","CLE","WR",61.5,4,15.4,2017,81
250,"bruce","ellington","FA","WR",61.2,11,5.6,2017,82
251,"shane","vereen","FA","RB",60.3,15,4,2017,66
252,"seth","devalve","CLE","TE",60,15,4,2017,29
253,"dalvin","cook","MIN","RB",59.9,4,15,2017,67
254,"bennie","fowler","NYG","WR",59.9,14,4.3,2017,83
255,"charcandrick","west","FA","RB",59.7,12,5,2017,68
256,"john","brown","BUF","WR",59.4,9,6.6,2017,84
257,"dustin","hopkins","WAS","K",59,7,8.4,2017,30
258,"antonio","gates","FA","TE",58,15,3.9,2017,30
259,"connor","barth","FA","K",57,10,5.7,2017,31
260,"jermaine","gresham","FA","TE",56.8,13,4.4,2017,31
261,"jamaal","charles","FA","RB",56,13,4.3,2017,69
262,"charles","sims","FA","RB",55.3,14,4,2017,70
263,"chris","godwin","TB","WR",54.9,14,3.9,2017,85
264,"kerwynn","williams","NO","RB",54.3,15,3.6,2017,71
265,"d'onta","foreman","IND","RB",54,9,6,2017,72
266,"zay","jones","BUF","WR",53.6,13,4.1,2017,86
267,"nick","rose","FA","K",53,9,5.9,2017,32
267,"jason","myers","SEA","K",53,6,8.8,2017,33
268,"coby","fleener","FA","TE",52.5,11,4.8,2017,32
269,"corey","davis","TEN","WR",52.5,10,5.3,2017,87
270,"cody","latimer","NYG","WR",52.2,11,4.7,2017,88
271,"josh","bellamy","NYJ","WR",52.1,10,5.2,2017,89
272,"dede","westbrook","JAC","WR",52,6,8.7,2017,90
273,"stephen","anderson","NE","TE",51.8,13,4,2017,33
274,"corey","coleman","NYG","WR",51.7,8,6.5,2017,91
275,"tavarres","king","FA","WR",51.3,8,6.4,2017,92
276,"tom","savage","DET","QB",50.7,8,6.3,2017,39
277,"chris","moore","BAL","WR",49.8,11,4.5,2017,93
278,"damien","williams","KC","RB",49.6,10,5,2017,73
279,"kyle","juszczyk","SF","RB",49.2,13,3.8,2017,74
279,"ricardo","louis","MIA","WR",49.2,13,3.8,2017,94
280,"tyler","higbee","LAR","TE",48,14,3.4,2017,34
281,"mike","nugent","FA","K",48,7,6.9,2017,34
282,"kenny","britt","FA","WR",47.6,11,4.3,2017,95
283,"luke","willson","OAK","TE",46.8,12,3.9,2017,35
284,"jordan","reed","WAS","TE",46.6,6,7.8,2017,36
285,"nick","novak","FA","K",46,7,6.6,2017,35
286,"justin","hardy","ATL","WR",45.9,9,5.1,2017,96
287,"benny","cunningham","FA","RB",45.8,13,3.5,2017,75
288,"zach","miller","FA","TE",45.6,8,5.7,2017,37
289,"brice","butler","MIA","WR",45.2,11,4.1,2017,97
290,"jordan","matthews","SF","WR",44.7,10,4.5,2017,98
291,"ricky","seals-jones","ARI","TE",44.1,7,6.3,2017,38
291,"nick","o'leary","MIA","TE",44.1,12,3.7,2017,39
292,"martellus","bennett","FA","TE",43.6,9,4.8,2017,40
293,"a.j.","derby","NO","TE",43.5,10,4.4,2017,41
294,"gerald","everett","LAR","TE",42.6,13,3.3,2017,42
294,"drew","stanton","CLE","QB",42.6,4,10.7,2017,40
295,"darren","fells","HOU","TE",42.5,13,3.3,2017,43
296,"chester","rogers","IND","WR",41.8,9,4.6,2017,99
297,"matt","moore","FA","QB",41.3,4,10.3,2017,41
298,"robert","kelley","FA","RB",41.2,7,5.9,2017,76
299,"dontrelle","inman","NE","WR",40.9,9,4.5,2017,100
300,"taywan","taylor","TEN","WR",40.9,15,2.7,2017,101
301,"jarius","wright","CAR","WR",40.8,12,3.4,2017,102
302,"corey","grant","FA","RB",40.4,13,3.1,2017,77
303,"johnny","holton","PIT","WR",40.3,11,3.7,2017,103
304,"terrelle","pryor","JAC","WR",40,8,5,2017,104
305,"aldrick","robinson","CAR","WR",39.8,13,3.1,2017,105
306,"jacquizz","rodgers","NO","RB",39.3,15,2.6,2017,78
307,"rhett","ellison","NYG","TE",38.7,13,3,2017,44
308,"mike","tolbert","FA","RB",38.5,11,3.5,2017,79
309,"danny","woodhead","FA","RB",38.2,7,5.5,2017,80
310,"mike","davis","CHI","RB",37.2,5,7.4,2017,81
311,"adam","shaheen","CHI","TE",36.7,7,5.2,2017,45
312,"russell","shepard","NYG","WR",36.6,13,2.8,2017,106
313,"andre","holmes","FA","WR",36.5,10,3.7,2017,107
314,"chris","carson","SEA","RB",36.2,4,9.1,2017,82
315,"wendell","smallwood","PHI","RB",35.7,7,5.1,2017,83
316,"lance","kendricks","NE","TE",35.3,12,2.9,2017,46
317,"josh","gordon","NE","WR",35,4,8.8,2017,108
318,"rashard","higgins","CLE","WR",34.8,13,2.7,2017,109
319,"jeremy","kerley","FA","WR",34.7,8,4.3,2017,110
320,"nick","foles","JAC","QB",34.2,6,5.7,2017,42
321,"jonnu","smith","TEN","TE",34,13,2.6,2017,47
322,"jakeem","grant","MIA","WR",33.9,14,2.4,2017,111
323,"kevin","hogan","DEN","QB",33.8,4,8.5,2017,43
324,"de'anthony","thomas","FA","WR",33.7,13,2.6,2017,112
325,"mike","glennon","OAK","QB",33.6,4,8.4,2017,44
326,"nick","boyle","BAL","TE",32.9,14,2.4,2017,48
327,"mack","hollins","PHI","WR",32.6,11,3,2017,113
328,"geronimo","allison","GB","WR",32.3,11,2.9,2017,114
328,"malcolm","brown","LAR","RB",32.3,10,3.2,2017,84
329,"greg","olsen","CAR","TE",32.1,6,5.4,2017,49
330,"michael","campanaro","FA","WR",31.9,12,2.7,2017,115
331,"dion","sims","FA","TE",31.5,11,2.9,2017,50
332,"tavon","austin","DAL","WR",31.4,13,2.4,2017,116
333,"virgil","green","LAC","TE",31,10,3.1,2017,51
334,"vance","mcdonald","PIT","TE",30.8,9,3.4,2017,52
335,"ryan","griffin","NYJ","TE",30.3,6,5.1,2017,53
336,"levine","toilolo","SF","TE",30.2,10,3,2017,54
337,"kendrick","bourne","SF","WR",29.9,9,3.3,2017,117
337,"braxton","miller","FA","WR",29.9,9,3.3,2017,118
338,"t.j.","yates","FA","QB",29.6,3,9.9,2017,45
339,"alex","erickson","CIN","WR",29.6,15,2,2017,119
340,"travaris","cadet","FA","RB",29.5,7,4.2,2017,85
341,"jeff","heuerman","DEN","TE",29.3,9,3.3,2017,55
342,"nick","folk","FA","K",29,4,7.3,2017,36
343,"damiere","byrd","ARI","WR",28.7,8,3.6,2017,120
344,"demetrius","harris","CLE","TE",28.6,12,2.4,2017,56
345,"richard","rodgers","PHI","TE",28,9,3.1,2017,57
346,"tyler","boyd","CIN","WR",27.9,9,3.1,2017,121
346,"james","o'shaughnessy","JAC","TE",27.9,14,2,2017,58
347,"eli","rogers","PIT","WR",27.3,11,2.5,2017,122
348,"terrance","west","FA","RB",27.1,5,5.4,2017,86
349,"travis","coons","FA","K",27,3,9,2017,37
350,"laquon","treadwell","MIN","WR",26.9,12,2.2,2017,123
351,"sam","bradford","FA","QB",26.9,2,13.5,2017,46
352,"demarcus","robinson","KC","WR",26.6,9,3,2017,124
353,"tion","green","FA","RB",26.4,4,6.6,2017,87
354,"cairo","santos","TB","K",26,5,5.2,2017,38
355,"tommy","bohanon","GB","RB",25.8,12,2.2,2017,88
356,"alfred","blue","JAC","RB",25.6,8,3.2,2017,89
357,"eddie","lacy","FA","RB",25.6,9,2.8,2017,90
358,"curtis","samuel","CAR","WR",25.4,8,3.2,2017,125
359,"troy","niklas","FA","TE",24.7,10,2.5,2017,59
360,"nick","vannett","SEA","TE",24.4,10,2.4,2017,60
360,"brandon","marshall","FA","WR",24.4,5,4.9,2017,126
361,"tommylee","lewis","DET","WR",24,13,1.8,2017,127
362,"thomas","rawls","JAC","RB",23.8,8,3,2017,91
363,"chris","conley","JAC","WR",23,5,4.6,2017,128
364,"brent","celek","FA","TE",22.7,11,2.1,2017,61
365,"anthony","fasano","FA","TE",22.1,8,2.8,2017,62
366,"phillip","dorsett","NE","WR",22,9,2.4,2017,129
367,"robert","turbin","FA","RB",21.4,6,3.6,2017,92
368,"d.j.","foster","ARI","RB",21.2,6,3.5,2017,93
369,"louis","murphy","FA","WR",21,5,4.2,2017,130
370,"jaydon","mickens","CAR","WR",20.7,9,2.3,2017,131
371,"maxx","williams","ARI","TE",20.7,9,2.3,2017,63
372,"josh","hill","NO","TE",20.4,9,2.3,2017,64
373,"elijhaa","penny","NYG","RB",20.3,9,2.3,2017,94
374,"eric","tomlinson","NYJ","TE",20.1,8,2.5,2017,65
375,"kamar","aiken","FA","WR",20.1,12,1.7,2017,132
376,"kapri","bibbs","FA","RB",19.7,2,9.9,2017,95
377,"c.j.","fiedorowicz","FA","TE",19.7,5,3.9,2017,66
378,"dwayne","allen","MIA","TE",19.6,11,1.8,2017,67
379,"daniel","brown","NYJ","TE",19.4,8,2.4,2017,68
380,"josh","reynolds","LAR","WR",19.3,9,2.1,2017,133
381,"c.j.","uzomah","CIN","TE",19,10,1.9,2017,69
381,"younghoe","koo","FA","K",19,4,4.8,2017,39
382,"brandon","williams","FA","TE",18.6,9,2.1,2017,70
383,"tre","mcbride","JAC","WR",18.4,5,3.7,2017,134
384,"chris","johnson","FA","RB",18.2,4,4.6,2017,96
385,"kenjon","barner","ATL","RB",18.1,12,1.5,2017,97
386,"brandon","tate","FA","WR",17.1,12,1.4,2017,135
387,"jamize","olawale","DAL","RB",16.6,7,2.4,2017,98
388,"cj","ham","MIN","RB",16.5,13,1.3,2017,99
389,"bryce","petty","FA","QB",16.2,3,5.4,2017,47
390,"logan","thomas","DET","TE",16.2,5,3.2,2017,71
391,"niles","paul","FA","TE",15.8,10,1.6,2017,72
392,"josh","malone","CIN","WR",15.5,9,1.7,2017,136
393,"david","morgan","MIN","TE",15.5,8,1.9,2017,73
394,"paul","perkins","NYG","RB",15.3,7,2.2,2017,100
395,"jeremy","hill","FA","RB",15.2,7,2.2,2017,101
396,"james","hanna","FA","TE",15,7,2.1,2017,74
397,"darren","sproles","PHI","RB",14.9,3,5,2017,102
398,"cameron","artis-payne","CAR","RB",14.6,6,2.4,2017,103
399,"james","conner","PIT","RB",14.4,12,1.2,2017,104
400,"michael","hoomanawanui","FA","TE",14.2,7,2,2017,75
400,"maurice","harris","NE","WR",14.2,4,3.6,2017,137
401,"ej","manuel","FA","QB",14.1,2,7.1,2017,48
402,"c.j.","prosise","SEA","RB",14,4,3.5,2017,105
403,"austin","traylor","DET","TE",14,5,2.8,2017,76
404,"terron","ward","FA","RB",13.8,5,2.8,2017,106
405,"mike","williams","LAC","WR",13.7,8,1.7,2017,138
406,"fozzy","whittaker","FA","RB",13.6,9,1.5,2017,107
407,"jerell","adams","HOU","TE",13.2,6,2.2,2017,77
408,"marvin","hall","CHI","WR",13,6,2.2,2017,139
408,"caleb","sturgis","FA","K",13,1,13,2017,40
409,"kasen","williams","FA","WR",12.9,6,2.2,2017,140
410,"michael","floyd","BAL","WR",12.8,9,1.4,2017,141
411,"andy","janovich","DEN","RB",12.7,12,1.1,2017,108
411,"roosevelt","nix","PIT","RB",12.7,9,1.4,2017,109
411,"breshad","perriman","TB","WR",12.7,11,1.2,2017,142
412,"clive","walford","MIA","TE",12.5,6,2.1,2017,78
413,"brenton","bersin","FA","WR",12.2,5,2.4,2017,143
414,"chad","hansen","HOU","WR",11.9,7,1.7,2017,144
414,"phillip","supernaw","FA","TE",11.9,8,1.5,2017,79
415,"lee","smith","BUF","TE",11.6,7,1.7,2017,80
416,"branden","oliver","FA","RB",11.5,7,1.6,2017,110
417,"jaelen","strong","CLE","WR",11.3,2,5.7,2017,145
418,"jordan","taylor","MIN","WR",11.2,9,1.2,2017,146
418,"willie","snead","BAL","WR",11.2,8,1.4,2017,147
419,"ross","travis","IND","TE",11.1,10,1.1,2017,81
420,"xavier","grimble","PIT","TE",11,7,1.6,2017,82
421,"trey","edmunds","PIT","RB",10.8,7,1.5,2017,111
422,"travis","rudolph","FA","WR",10.7,5,2.1,2017,148
423,"freddie","martino","FA","WR",10.7,6,1.8,2017,149
424,"brian","quick","WAS","WR",10.6,5,2.1,2017,150
425,"nathan","peterman","OAK","QB",10.4,4,2.6,2017,49
425,"leonte","carroo","FA","WR",10.4,4,2.6,2017,151
426,"kaelin","clay","FA","WR",10.4,12,0.9,2017,152
427,"justin","hunter","FA","WR",10.3,5,2.1,2017,153
428,"amara","darboh","SEA","WR",10.1,7,1.4,2017,154
429,"david","johnson","ARI","RB",10.1,1,10.1,2017,112
430,"sammie","coates","FA","WR",10,7,1.4,2017,155
431,"ryan","mallett","FA","QB",9.9,2,5,2017,50
432,"byron","marshall","WAS","RB",9.8,4,2.5,2017,113
433,"tanner","mcevoy","TEN","WR",9.8,9,1.1,2017,156
434,"geno","smith","SEA","QB",9.7,2,4.9,2017,51
435,"brittan","golden","NYG","WR",9.5,9,1.1,2017,157
436,"luke","stocker","ATL","TE",9.3,3,3.1,2017,83
437,"derek","carrier","OAK","TE",9.1,8,1.1,2017,84
438,"tyler","ervin","BAL","RB",9,4,2.3,2017,114
438,"bryce","treggs","FA","WR",9,6,1.5,2017,158
439,"ardarius","stewart","FA","WR",8.8,11,0.8,2017,159
440,"aaron","ripkowski","FA","RB",8.7,11,0.8,2017,115
440,"bobo","wilson","TB","WR",8.7,2,4.4,2017,160
441,"zach","zenner","DET","RB",8.6,7,1.2,2017,116
442,"pharoh","cooper","ARI","WR",8.5,15,0.6,2017,161
443,"ben","koyack","JAC","TE",8.3,6,1.4,2017,85
443,"jeremy","sprinkle","WAS","TE",8.3,3,2.8,2017,86
443,"brian","hill","ATL","RB",8.3,3,2.8,2017,117
444,"chad","williams","ARI","WR",7.9,5,1.6,2017,162
445,"tre","madden","FA","RB",7.5,5,1.5,2017,118
446,"dwayne","washington","NO","RB",6.8,5,1.4,2017,119
446,"james","develin","NE","RB",6.8,7,1,2017,120
447,"alan","cross","FA","TE",6.7,4,1.7,2017,87
447,"derek","watt","LAC","RB",6.7,10,0.7,2017,121
447,"jacob","hollister","SEA","TE",6.7,12,0.6,2017,88
448,"tyler","eifert","CIN","TE",6.6,2,3.3,2017,89
449,"sean","mcgrath","FA","TE",6.6,4,1.7,2017,90
449,"michael","roberts","FA","TE",6.6,6,1.1,2017,91
450,"jalston","fowler","FA","RB",6.4,3,2.1,2017,122
451,"orson","charles","FA","TE",6.3,2,3.2,2017,92
452,"vince","mayle","LAC","WR",6.2,10,0.6,2017,163
453,"matthew","dayes","FA","RB",6.1,12,0.5,2017,123
453,"markus","wheaton","FA","WR",6.1,6,1,2017,164
454,"darrius","heyward-bey","FA","WR",6,8,0.8,2017,165
455,"jared","abbrederis","FA","WR",5.9,4,1.5,2017,166
456,"will","tye","PHI","TE",5.8,2,2.9,2017,93
457,"quan","bray","FA","WR",5.4,9,0.6,2017,167
457,"blake","bell","KC","TE",5.4,3,1.8,2017,94
458,"noah","brown","DAL","WR",5.3,6,0.9,2017,168
459,"patrick","dimarco","BUF","RB",5.2,8,0.7,2017,124
460,"keith","smith","OAK","RB",5.1,8,0.6,2017,125
461,"michael","clark","FA","WR",5.1,1,5.1,2017,169
461,"ifeanyi","momah","FA","TE",5.1,4,1.3,2017,95
461,"randall","telfer","FA","TE",5.1,3,1.7,2017,96
462,"tanner","gentry","CHI","WR",5,4,1.3,2017,170
463,"joe","webb","HOU","QB",4.8,8,0.6,2017,52
464,"bernard","reedy","FA","WR",4.8,11,0.4,2017,171
465,"nick","williams","DEN","WR",4.5,1,4.5,2017,172
465,"bobby","rainey","FA","RB",4.5,4,1.1,2017,126
465,"mack","brown","OAK","RB",4.5,3,1.5,2017,127
466,"jojo","natson","LAR","WR",4.3,6,0.7,2017,173
467,"anthony","sherman","KC","RB",4.1,6,0.7,2017,128
467,"darrell","daniels","ARI","TE",4.1,6,0.7,2017,97
468,"chris","matthews","FA","WR",4,4,1,2017,174
468,"akeem","hunt","TEN","RB",4,13,0.3,2017,129
468,"chris","thompson","FA","WR",4,11,0.4,2017,175
469,"derrick","coleman","FA","RB",3.8,12,0.3,2017,130
470,"jay","prosch","FA","RB",3.7,5,0.7,2017,131
471,"trevor","davis","GB","WR",3.7,14,0.3,2017,176
472,"josh","ferguson","HOU","RB",3.6,4,0.9,2017,132
473,"hunter","sharp","CIN","WR",3.5,2,1.8,2017,177
473,"geoff","swaim","JAC","TE",3.5,2,1.8,2017,98
473,"antony","auclair","TB","TE",3.5,3,1.2,2017,99
474,"dan","vitale","GB","RB",3.4,9,0.4,2017,133
475,"zach","line","NO","RB",3.3,7,0.5,2017,134
476,"ryan","hewitt","TEN","RB",3.2,5,0.6,2017,135
476,"marcus","johnson","IND","WR",3.2,5,0.6,2017,178
477,"jordan","leslie","FA","WR",3.1,1,3.1,2017,179
477,"lance","dunbar","FA","RB",3.1,1,3.1,2017,136
478,"sam","ficken","GB","K",3,1,3,2017,41
479,"cody","kessler","PHI","QB",2.9,3,1,2017,53
480,"deandrew","white","CAR","WR",2.9,2,1.5,2017,180
481,"stevan","ridley","FA","RB",2.8,1,2.8,2017,137
481,"mike","thomas","LAR","WR",2.8,4,0.7,2017,181
482,"marqueis","gray","FA","TE",2.7,6,0.5,2017,100
482,"aj","mccarron","HOU","QB",2.7,2,1.4,2017,54
482,"chris","manhertz","CAR","TE",2.7,3,0.9,2017,101
483,"cole","hikutini","MIN","TE",2.5,2,1.3,2017,102
483,"andre","williams","FA","RB",2.5,2,1.3,2017,138
484,"matt","cassel","FA","QB",2.4,2,1.2,2017,55
485,"darius","powe","FA","WR",2.3,1,2.3,2017,182
486,"senorise","perry","BUF","RB",2.2,7,0.3,2017,139
486,"allen","robinson","CHI","WR",2.2,1,2.2,2017,183
486,"michael","burton","NO","RB",2.2,7,0.3,2017,140
487,"brandon","bolden","NE","RB",2.1,7,0.3,2017,141
487,"david","fluellen","TEN","RB",2.1,6,0.4,2017,142
488,"arrelious","benn","FA","WR",1.7,4,0.4,2017,184
488,"jeff","janis","FA","WR",1.7,6,0.3,2017,185
489,"kevin","white","ARI","WR",1.6,1,1.6,2017,186
489,"taiwan","jones","HOU","RB",1.6,5,0.3,2017,143
489,"paxton","lynch","SEA","QB",1.6,1,1.6,2017,56
490,"jehu","chesson","WAS","WR",1.5,4,0.4,2017,187
491,"matt","jones","FA","RB",1.4,2,0.7,2017,144
492,"leshun","daniels","FA","RB",1.4,2,0.7,2017,145
492,"cooper","rush","DAL","QB",1.4,2,0.7,2017,57
493,"scott","tolzien","FA","QB",1.3,1,1.3,2017,58
493,"harry","douglas","FA","WR",1.3,1,1.3,2017,188
493,"neal","sterling","FA","TE",1.3,4,0.3,2017,103
494,"jeff","cumberland","FA","TE",1.2,3,0.4,2017,104
495,"eric","weems","FA","WR",1,10,0.1,2017,189
495,"larry","pinkard","FA","WR",1,2,0.5,2017,190
495,"de'angelo","henderson","MIN","RB",1,2,0.5,2017,146
495,"raheem","mostert","SF","RB",1,9,0.1,2017,147
495,"marshall","koehn","FA","K",1,1,1,2017,42
496,"max","mccaffrey","FA","WR",0.9,2,0.5,2017,191
497,"charone","peake","NYJ","WR",0.8,1,0.8,2017,192
497,"ryan","malleck","FA","TE",0.8,1,0.8,2017,105
497,"joe","kerridge","CLE","RB",0.8,1,0.8,2017,148
497,"terrell","watson","FA","RB",0.8,7,0.1,2017,149
498,"matt","hazel","FA","WR",0.6,2,0.3,2017,193
498,"taylor","heinicke","CAR","QB",0.6,1,0.6,2017,59
499,"derek","anderson","FA","QB",0.5,3,0.2,2017,60
500,"ryan","switzer","PIT","WR",0.4,15,0,2017,194
501,"fitzgerald","toussaint","FA","RB",0.3,2,0.2,2017,150
502,"john","kuhn","FA","RB",0.2,1,0.2,2017,151
503,"justin","davis","LAR","RB",0.1,1,0.1,2017,152
504,"sean","mannion","MIN","QB",0.1,4,0,2017,61
505,"isaiah","mckenzie","BUF","WR",0.1,10,0,2017,195
506,"cobi","hamilton","FA","WR",0,1,0,2017,196
506,"shelton","gibson","FA","WR",0,1,0,2017,197
506,"jason","vander","CAR","TE",0,2,0,2017,106
506,"garrett","griffin","NO","TE",0,1,0,2017,107
506,"isaac","whitney","HOU","WR",0,1,0,2017,198
506,"andy","jones","DET","WR",0,1,0,2017,199
506,"jeremy","mcnichols","TEN","RB",0,1,0,2017,153
506,"john","phillips","FA","TE",0,1,0,2017,108
506,"david","fales","DET","QB",0,1,0,2017,62
506,"gabe","holmes","IND","TE",0,1,0,2017,109
506,"taysom","hill","NO","QB",0,2,0,2017,63
506,"c.j.","spiller","FA","RB",0,1,0,2017,154
506,"eric","saubert","NE","TE",0,1,0,2017,110
506,"dwayne","harris","OAK","WR",0,5,0,2017,200
506,"cody","core","CIN","WR",0,5,0,2017,201
506,"victor","bolden","BUF","WR",0,8,0,2017,202
506,"jordan","todman","FA","RB",0,8,0,2017,155
506,"logan","paulsen","ATL","TE",0,2,0,2017,111
506,"justin","hardee","NO","WR",0,7,0,2017,203
506,"krishawn","hogan","IND","WR",0,2,0,2017,204
506,"henry","krieger","FA","TE",0,1,0,2017,112
506,"cethan","carter","CIN","TE",0,5,0,2017,113
506,"matt","lacosse","NE","TE",0,1,0,2017,114
506,"stacy","coley","FA","WR",0,2,0,2017,205
506,"ed","eagan","FA","WR",0,4,0,2017,206
506,"griff","whalen","FA","WR",0,2,0,2017,207
506,"alex","armah","CAR","RB",0,1,0,2017,156
506,"shane","smith","NO","RB",0,3,0,2017,157
506,"brandon","wilson","CIN","RB",0,3,0,2017,158
506,"brandon","banks","FA","WR",0,1,0,2017,208
506,"daniel","lasco","FA","RB",0,1,0,2017,159
506,"ben","braunecker","CHI","TE",0,4,0,2017,115
506,"jace","billingsley","FA","WR",0,1,0,2017,209
506,"kyle","nelson","SF","TE",0,1,0,2017,116
506,"matt","slater","NE","WR",0,5,0,2017,210
507,"austin","davis","FA","QB",-0.1,1,-0.1,2017,64
508,"chase","daniel","CHI","QB",-0.2,1,-0.2,2017,65
508,"bronson","hill","FA","RB",-0.2,1,-0.2,2017,160
508,"darren","mcfadden","FA","RB",-0.2,1,-0.2,2017,161
509,"andre","roberts","BUF","WR",-0.3,15,0,2017,211
510,"kalif","raymond","TEN","WR",-0.4,7,-0.1,2017,212
511,"landry","jones","FA","QB",-0.4,2,-0.2,2017,66
512,"chad","henne","KC","QB",-0.5,2,-0.3,2017,67
513,"john","ross","CIN","WR",-0.8,3,-0.3,2017,213
514,"kellen","clemens","FA","QB",-0.9,2,-0.5,2017,68
515,"jake","rudock","MIA","QB",-1,2,-0.5,2017,69
516,"devante","mays","JAC","RB",-2.1,1,-2.1,2017,162
517,"teddy","bridgewater","NO","QB",-2.3,1,-2.3,2017,70
1,"patrick","mahomes","KC","QB",399.7,15,26.6,2018,1
2,"todd","gurley","LAR","RB",342.6,14,24.5,2018,1
3,"ben","roethlisberger","PIT","QB",327.7,15,21.8,2018,2
4,"christian","mccaffrey","CAR","RB",327.5,15,21.8,2018,2
5,"matt","ryan","ATL","QB",325.7,15,21.7,2018,3
6,"saquon","barkley","NYG","RB",318.1,15,21.2,2018,3
7,"alvin","kamara","NO","RB",313.7,15,20.9,2018,4
8,"aaron","rodgers","GB","QB",311.5,15,20.8,2018,4
9,"deshaun","watson","HOU","QB",309.9,15,20.7,2018,5
10,"andrew","luck","IND","QB",304.5,15,20.3,2018,6
11,"drew","brees","NO","QB",304.3,15,20.3,2018,7
12,"russell","wilson","SEA","QB",291,15,19.4,2018,8
13,"ezekiel","elliott","DAL","RB",290.7,15,19.4,2018,5
14,"jared","goff","LAR","QB",286.3,15,19.1,2018,9
15,"cam","newton","CAR","QB",282.6,14,20.2,2018,10
16,"philip","rivers","LAC","QB",277.9,15,18.5,2018,11
17,"davante","adams","GB","WR",274.1,15,18.3,2018,1
18,"kirk","cousins","MIN","QB",272.6,15,18.2,2018,12
19,"antonio","brown","OAK","WR",271.7,15,18.1,2018,2
20,"tyreek","hill","KC","WR",258.4,15,17.2,2018,3
21,"deandre","hopkins","HOU","WR",255.3,15,17,2018,4
22,"tom","brady","NE","QB",254.9,15,17,2018,13
23,"mitch","trubisky","CHI","QB",252.8,13,19.4,2018,14
24,"dak","prescott","DAL","QB",252.2,15,16.8,2018,15
25,"michael","thomas","NO","WR",247.6,15,16.5,2018,5
26,"adam","thielen","MIN","WR",245.6,15,16.4,2018,6
27,"julio","jones","ATL","WR",245,15,16.3,2018,7
28,"melvin","gordon","LAC","RB",242.4,11,22,2018,6
29,"james","conner","PIT","RB",241.6,12,20.1,2018,7
30,"travis","kelce","KC","TE",234.4,15,15.6,2018,1
31,"juju","smith-schuster","PIT","WR",229.2,15,15.3,2018,8
32,"eli","manning","NYG","QB",221.8,15,14.8,2018,16
33,"zach","ertz","PHI","TE",219.3,15,14.6,2018,2
34,"robert","woods","LAR","WR",219.1,15,14.6,2018,9
35,"baker","mayfield","CLE","QB",219,13,16.8,2018,17
36,"james","white","NE","RB",218.2,15,14.5,2018,8
37,"kareem","hunt","CLE","RB",217.2,11,19.7,2018,9
38,"mike","evans","TB","WR",215.8,15,14.4,2018,10
39,"derek","carr","OAK","QB",214.9,15,14.3,2018,18
40,"david","johnson","ARI","RB",211.4,15,14.1,2018,10
41,"joe","mixon","CIN","RB",210.7,13,16.2,2018,11
42,"phillip","lindsay","DEN","RB",205.3,15,13.7,2018,12
43,"keenan","allen","LAC","WR",203.2,14,14.5,2018,11
44,"case","keenum","WAS","QB",202.5,15,13.5,2018,19
45,"stefon","diggs","MIN","WR",200.6,14,14.3,2018,12
46,"t.y.","hilton","IND","WR",193.9,13,14.9,2018,13
47,"matthew","stafford","DET","QB",193.7,15,12.9,2018,20
48,"carson","wentz","PHI","QB",192.9,11,17.5,2018,21
49,"odell","beckham","CLE","WR",191.9,12,16,2018,14
50,"george","kittle","SF","TE",189.3,15,12.6,2018,3
51,"tarik","cohen","CHI","RB",188.2,15,12.5,2018,13
52,"tyler","boyd","CIN","WR",183.1,14,13.1,2018,15
53,"chicago","bears","CHI","DST",183,15,12.2,2018,1
54,"derrick","henry","TEN","RB",182.7,15,12.2,2018,14
55,"brandin","cooks","LAR","WR",182.5,14,13,2018,16
56,"nick","chubb","CLE","RB",181.5,15,12.1,2018,15
57,"tyler","lockett","SEA","WR",180,15,12,2018,17
58,"adrian","peterson","WAS","RB",179,15,11.9,2018,16
59,"marcus","mariota","TEN","QB",175.5,14,12.5,2018,22
60,"eric","ebron","IND","TE",175.2,15,11.7,2018,4
61,"andy","dalton","CIN","QB",174.5,11,15.9,2018,23
62,"amari","cooper","DAL","WR",174.3,14,12.5,2018,18
63,"kenny","golladay","DET","WR",172.1,15,11.5,2018,19
64,"chris","carson","SEA","RB",172,13,13.2,2018,17
65,"blake","bortles","LAR","QB",169.5,12,14.1,2018,24
66,"kenyan","drake","MIA","RB",167.7,15,11.2,2018,18
67,"josh","allen","BUF","QB",167.6,11,15.2,2018,25
68,"jameis","winston","TB","QB",165.9,10,16.6,2018,26
69,"ryan","fitzpatrick","MIA","QB",165.8,8,20.7,2018,27
70,"tevin","coleman","SF","RB",165.7,15,11,2018,19
71,"calvin","ridley","ATL","WR",163.1,15,10.9,2018,20
72,"emmanuel","sanders","DEN","WR",162.7,12,13.6,2018,21
73,"ka'imi","fairbairn","HOU","K",162,15,10.8,2018,1
74,"sam","darnold","NYJ","QB",160.9,12,13.4,2018,28
75,"aaron","jones","GB","RB",158.5,12,13.2,2018,20
76,"jarvis","landry","CLE","WR",157.9,15,10.5,2018,22
77,"jared","cook","NO","TE",155.3,15,10.4,2018,5
78,"julian","edelman","NE","WR",152.6,11,13.9,2018,23
79,"marlon","mack","IND","RB",152.3,11,13.8,2018,21
80,"wil","lutz","NO","K",149,15,9.9,2018,2
80,"matt","breida","SF","RB",149,14,10.6,2018,22
81,"lamar","miller","HOU","RB",147.5,13,11.3,2018,23
82,"jason","myers","SEA","K",147,15,9.8,2018,3
83,"jordan","howard","PHI","RB",146.1,15,9.7,2018,24
84,"t.j.","yeldon","BUF","RB",145.6,14,10.4,2018,25
85,"mason","crosby","GB","K",145,15,9.7,2018,4
85,"justin","tucker","BAL","K",145,15,9.7,2018,5
86,"mike","williams","LAC","WR",144.8,15,9.7,2018,24
87,"corey","davis","TEN","WR",143.8,15,9.6,2018,25
88,"harrison","butker","KC","K",142,15,9.5,2018,6
89,"adam","humphries","TEN","WR",141.6,15,9.4,2018,26
90,"golden","tate","NYG","WR",140.6,14,10,2018,27
91,"dede","westbrook","JAC","WR",140.1,15,9.3,2018,28
92,"sterling","shepard","NYG","WR",139.9,15,9.3,2018,29
93,"larry","fitzgerald","ARI","WR",139.6,15,9.3,2018,30
94,"alshon","jeffery","PHI","WR",138.4,12,11.5,2018,31
95,"alex","smith","WAS","QB",137.9,10,13.8,2018,29
96,"austin","ekeler","LAC","RB",137.5,13,10.6,2018,26
97,"joe","flacco","DEN","QB",137,9,15.2,2018,30
98,"ryan","tannehill","TEN","QB",134.9,10,13.5,2018,31
99,"brett","maher","DAL","K",134,15,8.9,2018,7
100,"robbie","gould","SF","K",133,15,8.9,2018,8
100,"peyton","barber","TB","RB",133,15,8.9,2018,27
101,"mohamed","sanu","ATL","WR",132.5,15,8.8,2018,32
102,"lamar","jackson","BAL","QB",131.6,15,8.8,2018,32
103,"los","angeles","LAR","DST",131,15,8.7,2018,2
103,"aldrick","rosas","NYG","K",131,15,8.7,2018,9
104,"desean","jackson","PHI","WR",130.8,12,10.9,2018,33
105,"sony","michel","NE","RB",130.6,12,10.9,2018,28
106,"isaiah","crowell","OAK","RB",130.2,13,10,2018,29
107,"stephen","gostkowski","NE","K",130,15,8.7,2018,10
107,"houston","texans","HOU","DST",130,15,8.7,2018,3
108,"chris","godwin","TB","WR",129.3,15,8.6,2018,34
109,"robby","anderson","NYJ","WR",127.5,13,9.8,2018,35
110,"dion","lewis","TEN","RB",127.4,15,8.5,2018,30
111,"demaryius","thomas","NE","WR",127.2,15,8.5,2018,36
112,"mark","ingram","BAL","RB",126.7,11,11.5,2018,31
113,"a.j.","green","CIN","WR",126.4,9,14,2018,37
114,"allen","robinson","CHI","WR",125.8,13,9.7,2018,38
115,"nyheim","hines","IND","RB",125,15,8.3,2018,32
116,"minnesota","vikings","MIN","DST",124,15,8.3,2018,4
117,"dalvin","cook","MIN","RB",124,10,12.4,2018,33
118,"kerryon","johnson","DET","RB",123.4,10,12.3,2018,34
119,"john","brown","BUF","WR",121.7,15,8.1,2018,39
120,"dustin","hopkins","WAS","K",121,15,8.1,2018,11
121,"baltimore","ravens","BAL","DST",120,15,8,2018,5
122,"jalen","richard","OAK","RB",119.8,15,8,2018,35
123,"d.j.","moore","CAR","WR",119.4,15,8,2018,40
124,"latavius","murray","NO","RB",119.1,15,7.9,2018,36
125,"austin","hooper","ATL","TE",118.3,15,7.9,2018,6
126,"josh","gordon","NE","WR",118.2,12,9.9,2018,41
127,"sebastian","janikowski","FA","K",118,15,7.9,2018,12
128,"cody","parkey","FA","K",117,15,7.8,2018,13
128,"matt","prater","DET","K",117,15,7.8,2018,14
129,"jake","elliott","PHI","K",116,15,7.7,2018,15
130,"kyle","rudolph","MIN","TE",115.5,15,7.7,2018,7
131,"cooper","kupp","LAR","WR",115.1,8,14.4,2018,42
132,"adam","vinatieri","IND","K",115,14,8.2,2018,16
132,"washington","redskins","WAS","DST",115,15,7.7,2018,6
133,"nelson","agholor","PHI","WR",114.9,15,7.7,2018,43
134,"trey","burton","CHI","TE",114.3,15,7.6,2018,8
135,"greg","zuerlein","LAR","K",114,10,11.4,2018,17
135,"tyrell","williams","OAK","WR",114,14,8.1,2018,44
136,"doug","baldwin","FA","WR",113.1,12,9.4,2018,45
137,"zay","jones","BUF","WR",112.9,15,7.5,2018,46
138,"jordy","nelson","FA","WR",112.9,14,8.1,2018,47
139,"courtland","sutton","DEN","WR",112.3,15,7.5,2018,48
140,"new","england","NE","DST",112,15,7.5,2018,7
140,"ryan","succop","TEN","K",112,15,7.5,2018,18
140,"denver","broncos","DEN","DST",112,15,7.5,2018,8
141,"seattle","seahawks","SEA","DST",111,15,7.4,2018,9
142,"taylor","gabriel","CHI","WR",110.3,15,7.4,2018,49
143,"leonard","fournette","JAC","RB",109.4,8,13.7,2018,37
144,"david","njoku","CLE","TE",108.2,14,7.7,2018,9
145,"new","orleans","NO","DST",108,15,7.2,2018,10
146,"kenny","stills","MIA","WR",107.6,14,7.7,2018,50
147,"mike","davis","CHI","RB",107.2,14,7.7,2018,38
148,"josh","rosen","MIA","QB",107,13,8.2,2018,33
149,"indianapolis","colts","IND","DST",106,15,7.1,2018,11
150,"duke","johnson","HOU","RB",105.6,15,7,2018,39
151,"nick","mullens","SF","QB",104.4,7,14.9,2018,34
152,"rob","gronkowski","FA","TE",104.3,12,8.7,2018,10
153,"donte","moncrief","PIT","WR",103.7,15,6.9,2018,51
154,"o.j.","howard","TB","TE",103.5,10,10.4,2018,11
155,"curtis","samuel","CAR","WR",103.1,12,8.6,2018,52
156,"brandon","mcmanus","DEN","K",103,15,6.9,2018,19
156,"anthony","miller","CHI","WR",103,14,7.4,2018,53
156,"tennessee","titans","TEN","DST",103,15,6.9,2018,12
157,"michael","crabtree","FA","WR",102.7,15,6.8,2018,54
158,"vance","mcdonald","PIT","TE",102.6,14,7.3,2018,12
159,"doug","martin","OAK","RB",102.3,15,6.8,2018,40
160,"christian","kirk","ARI","WR",102,12,8.5,2018,55
160,"pittsburgh","steelers","PIT","DST",102,15,6.8,2018,13
161,"alex","collins","FA","RB",101.1,10,10.1,2018,41
162,"devin","funchess","IND","WR",100.9,14,7.2,2018,56
163,"willie","snead","BAL","WR",100.4,14,7.2,2018,57
164,"steven","hauschka","BUF","K",100,15,6.7,2018,20
165,"jimmy","graham","GB","TE",99.5,15,6.6,2018,13
166,"cole","beasley","BUF","WR",99.3,15,6.6,2018,58
167,"miami","dolphins","MIA","DST",99,15,6.6,2018,14
167,"kansas","city","KC","DST",99,15,6.6,2018,15
168,"lesean","mccoy","BUF","RB",98.8,13,7.6,2018,42
169,"marvin","jones","DET","WR",98.3,9,10.9,2018,59
170,"randy","bullock","CIN","K",98,15,6.5,2018,21
170,"jacksonville","jaguars","JAC","DST",98,15,6.5,2018,16
171,"jamaal","williams","GB","RB",97.4,15,6.5,2018,43
172,"matt","bryant","FA","K",97,12,8.1,2018,22
172,"dallas","cowboys","DAL","DST",97,15,6.5,2018,17
173,"frank","gore","BUF","RB",96.6,14,6.9,2018,44
174,"sammy","watkins","KC","WR",95.1,10,9.5,2018,60
175,"antonio","callaway","CLE","WR",94.9,15,6.3,2018,61
176,"cleveland","browns","CLE","DST",94,15,6.3,2018,18
176,"dan","bailey","MIN","K",94,13,7.2,2018,23
177,"wendell","smallwood","PHI","RB",93.7,14,6.7,2018,45
178,"danny","amendola","DET","WR",93.3,14,6.7,2018,62
179,"chris","boswell","PIT","K",93.1,15,6.2,2018,24
180,"jason","sanders","MIA","K",93,15,6.2,2018,25
181,"jordan","reed","WAS","TE",92.8,13,7.1,2018,14
182,"chris","herndon","NYJ","TE",92.4,13,7.1,2018,15
183,"green","bay","GB","DST",92,15,6.1,2018,19
184,"buffalo","bills","BUF","DST",91,15,6.1,2018,20
184,"new","york","NYJ","DST",91,15,6.1,2018,21
185,"carlos","hyde","KC","RB",90.5,13,7,2018,46
186,"will","fuller","HOU","WR",90.3,7,12.9,2018,63
187,"dante","pettis","SF","WR",90,12,7.5,2018,64
188,"rashard","higgins","CLE","WR",88.1,12,7.3,2018,65
189,"los","angeles","LAC","DST",88,15,5.9,2018,22
190,"josh","lambo","JAC","K",87,13,6.7,2018,26
191,"marquez","valdes-scantling","GB","WR",86.2,15,5.7,2018,66
192,"arizona","cardinals","ARI","DST",86,15,5.7,2018,23
193,"chester","rogers","IND","WR",85.9,15,5.7,2018,67
194,"david","moore","SEA","WR",85.4,12,7.1,2018,68
195,"evan","engram","NYG","TE",85.2,10,8.5,2018,16
196,"daniel","carlson","OAK","K",85,11,7.7,2018,27
197,"ito","smith","ATL","RB",84.2,13,6.5,2018,47
198,"alfred","blue","JAC","RB",83.9,15,5.6,2018,48
199,"albert","wilson","MIA","WR",83.8,7,12,2018,69
200,"theo","riddick","DEN","RB",83.6,13,6.4,2018,49
201,"detroit","lions","DET","DST",83,15,5.5,2018,24
201,"carolina","panthers","CAR","DST",83,15,5.5,2018,25
202,"josh","doctson","WAS","WR",82.9,14,5.9,2018,70
203,"mark","andrews","BAL","TE",82.8,15,5.5,2018,17
204,"c.j.","uzomah","CIN","TE",82.3,15,5.5,2018,18
205,"new","york","NYG","DST",82,15,5.5,2018,26
205,"graham","gano","CAR","K",82,12,6.8,2018,28
206,"gus","edwards","BAL","RB",81.2,10,8.1,2018,50
207,"philadelphia","eagles","PHI","DST",81,15,5.4,2018,27
208,"royce","freeman","DEN","RB",80,13,6.2,2018,51
208,"legarrette","blount","FA","RB",80,15,5.3,2018,52
208,"jeff","driskel","CIN","QB",80,7,11.4,2018,35
208,"cordarrelle","patterson","CHI","WR",80,15,5.3,2018,71
209,"kendrick","bourne","SF","WR",79.3,15,5.3,2018,72
209,"chris","hogan","CAR","WR",79.3,15,5.3,2018,73
210,"seth","roberts","BAL","WR",79.2,14,5.7,2018,74
211,"greg","joseph","CLE","K",77,13,5.9,2018,29
212,"tre'quan","smith","NO","WR",76.2,12,6.4,2018,75
213,"javorius","allen","FA","RB",76.1,13,5.9,2018,53
214,"michael","badgley","LAC","K",76,9,8.4,2018,30
215,"marquise","goodwin","SF","WR",75.9,11,6.9,2018,76
215,"giovani","bernard","CIN","RB",75.9,11,6.9,2018,54
216,"robert","foster","BUF","WR",75.5,10,7.6,2018,77
217,"chris","conley","JAC","WR",75.4,15,5,2018,78
218,"atlanta","falcons","ATL","DST",75,15,5,2018,28
218,"c.j.","beathard","SF","QB",75,5,15,2018,36
219,"damien","williams","KC","RB",74.7,12,6.2,2018,55
220,"john","ross","CIN","WR",73.8,12,6.2,2018,79
221,"jarius","wright","CAR","WR",73.1,15,4.9,2018,80
222,"cameron","brate","TB","TE",73,14,5.2,2018,19
222,"chandler","catanzaro","FA","K",73,12,6.1,2018,31
222,"cincinnati","bengals","CIN","DST",73,15,4.9,2018,29
223,"michael","gallup","DAL","WR",72.7,14,5.2,2018,81
224,"marshawn","lynch","FA","RB",71.5,6,11.9,2018,56
225,"elijah","mcguire","NYJ","RB",70.9,7,10.1,2018,57
226,"gerald","everett","LAR","TE",70.1,14,5,2018,20
227,"corey","clement","PHI","RB",70.1,11,6.4,2018,58
228,"dallas","goedert","PHI","TE",69.7,14,5,2018,21
229,"jesse","james","DET","TE",69.3,15,4.6,2018,22
230,"spencer","ware","IND","RB",69,12,5.8,2018,59
231,"jaylen","samuels","PIT","RB",68.8,8,8.6,2018,60
232,"josh","adams","PHI","RB",68.6,12,5.7,2018,61
233,"brock","osweiler","FA","QB",68,7,9.7,2018,37
234,"quincy","enunwa","NYJ","WR",67.9,11,6.2,2018,82
235,"taywan","taylor","TEN","WR",67.3,12,5.6,2018,83
236,"jamison","crowder","NYJ","WR",67.1,8,8.4,2018,84
237,"greg","olsen","CAR","TE",66.6,9,7.4,2018,23
238,"chris","thompson","WAS","RB",66.2,9,7.4,2018,62
239,"tampa","bay","TB","DST",66,15,4.4,2018,30
239,"josh","reynolds","LAR","WR",66,11,6,2018,85
240,"benjamin","watson","NE","TE",65.6,12,5.5,2018,24
241,"rashaad","penny","SEA","RB",65.3,12,5.4,2018,63
242,"randall","cobb","DAL","WR",64.2,8,8,2018,86
243,"keelan","cole","JAC","WR",63.6,13,4.9,2018,87
244,"vernon","davis","WAS","TE",63.2,13,4.9,2018,25
245,"jacquizz","rodgers","NO","RB",63,14,4.5,2018,64
246,"devontae","booker","DEN","RB",62.9,15,4.2,2018,65
247,"chris","ivory","FA","RB",62,12,5.2,2018,66
248,"aldrick","robinson","CAR","WR",61.6,13,4.7,2018,88
248,"jermaine","kearse","DET","WR",61.6,13,4.7,2018,89
249,"antonio","gates","FA","TE",61.3,15,4.1,2018,26
250,"nick","foles","JAC","QB",60.5,4,15.1,2018,38
251,"tajae","sharpe","TEN","WR",58.2,15,3.9,2018,90
252,"cairo","santos","TB","K",58,8,7.3,2018,32
253,"ricky","seals-jones","ARI","TE",57.3,15,3.8,2018,27
254,"san","francisco","SF","DST",57,15,3.8,2018,31
255,"nick","vannett","SEA","TE",56.7,14,4.1,2018,28
256,"ty","montgomery","NYJ","RB",56,12,4.7,2018,67
257,"ryan","grant","OAK","WR",56,13,4.3,2018,91
258,"jeff","heuerman","DEN","TE",55.6,11,5.1,2018,29
259,"kelvin","benjamin","FA","WR",55.1,14,3.9,2018,92
260,"bilal","powell","NYJ","RB",54.8,7,7.8,2018,68
261,"jonnu","smith","TEN","TE",53.8,12,4.5,2018,30
262,"zach","pascal","IND","WR",53.3,13,4.1,2018,93
263,"justin","jackson","LAC","RB",52.6,8,6.6,2018,69
264,"laquon","treadwell","MIN","WR",52.5,14,3.8,2018,94
265,"jaron","brown","SEA","WR",52.4,11,4.8,2018,95
266,"phillip","dorsett","NE","WR",52.4,10,5.2,2018,96
267,"geronimo","allison","GB","WR",52.3,5,10.5,2018,97
268,"jordan","matthews","SF","WR",52,11,4.7,2018,98
269,"kyle","juszczyk","SF","RB",51.5,15,3.4,2018,70
270,"jordan","thomas","HOU","TE",51.2,11,4.7,2018,31
271,"kapri","bibbs","FA","RB",50.8,10,5.1,2018,71
272,"ryan","switzer","PIT","WR",50.7,15,3.4,2018,99
273,"chase","edmonds","ARI","RB",50.3,15,3.4,2018,72
274,"jakeem","grant","MIA","WR",49.8,10,5,2018,100
275,"jordan","wilkins","IND","RB",49.3,13,3.8,2018,73
276,"paul","richardson","WAS","WR",49.1,7,7,2018,101
277,"tyler","higbee","LAR","TE",49.1,13,3.8,2018,32
278,"darren","sproles","PHI","RB",48.9,5,9.8,2018,74
279,"devante","parker","MIA","WR",48.9,10,4.9,2018,102
280,"ian","thomas","CAR","TE",48.7,9,5.4,2018,33
281,"keke","coutee","HOU","WR",48.7,6,8.1,2018,103
282,"demarcus","robinson","KC","WR",48.4,13,3.7,2018,104
283,"jimmy","garoppolo","SF","QB",47.9,3,16,2018,39
284,"rhett","ellison","NYG","TE",47.7,13,3.7,2018,34
285,"josh","johnson","DET","QB",47.5,3,15.8,2018,40
285,"jack","doyle","IND","TE",47.5,6,7.9,2018,35
286,"pierre","garcon","FA","WR",46.6,8,5.8,2018,105
287,"dontrelle","inman","NE","WR",46.2,7,6.6,2018,106
288,"allen","hurns","MIA","WR",46.1,13,3.5,2018,107
288,"alfred","morris","DAL","RB",46.1,10,4.6,2018,75
289,"maurice","harris","NE","WR",45.4,11,4.1,2018,108
290,"terrelle","pryor","JAC","WR",45.1,8,5.6,2018,109
291,"bruce","ellington","FA","WR",44.1,7,6.3,2018,110
292,"ted","ginn","NO","WR",44,5,8.8,2018,111
293,"tim","patrick","DEN","WR",43.9,11,4,2018,112
293,"daesean","hamilton","DEN","WR",43.9,10,4.4,2018,113
294,"equanimeous","st.","GB","WR",43.8,11,4,2018,114
295,"isaiah","mckenzie","BUF","WR",43.5,7,6.2,2018,115
296,"geoff","swaim","JAC","TE",43.2,9,4.8,2018,36
297,"c.j.","anderson","DET","RB",42,8,5.3,2018,76
298,"breshad","perriman","TB","WR",41.7,9,4.6,2018,116
299,"torrey","smith","CAR","WR",41.5,7,5.9,2018,117
300,"tyrod","taylor","LAC","QB",41.4,4,10.4,2018,41
301,"ryan","griffin","NYJ","TE",41.2,12,3.4,2018,37
302,"jay","ajayi","FA","RB",40.9,4,10.2,2018,77
303,"demetrius","harris","CLE","TE",40.4,14,2.9,2018,38
304,"keith","kirkwood","NO","WR",39.4,7,5.6,2018,118
305,"kenneth","dixon","BAL","RB",39,5,7.8,2018,78
305,"caleb","sturgis","FA","K",39,6,6.5,2018,33
306,"cody","kessler","PHI","QB",38.6,5,7.7,2018,42
306,"trenton","cannon","NYJ","RB",38.6,11,3.5,2018,79
307,"ed","dickson","SEA","TE",38.3,8,4.8,2018,39
308,"oakland","raiders","OAK","DST",38,15,2.5,2018,32
309,"jeff","wilson","SF","RB",37.5,5,7.5,2018,80
310,"trent","taylor","SF","WR",37.3,12,3.1,2018,119
311,"matt","lacosse","NE","TE",37.2,12,3.1,2018,40
312,"malcolm","brown","LAR","RB",36.9,11,3.4,2018,81
313,"anthony","firkser","TEN","TE",36.7,8,4.6,2018,41
314,"virgil","green","LAC","TE",36.5,13,2.8,2018,42
315,"martavis","bryant","FA","WR",36.4,7,5.2,2018,120
316,"james","develin","NE","RB",36.2,15,2.4,2018,82
317,"russell","shepard","NYG","WR",35.8,8,4.5,2018,121
318,"raheem","mostert","SF","RB",35.6,8,4.5,2018,83
319,"zach","zenner","DET","RB",34.8,6,5.8,2018,84
320,"jason","croom","BUF","TE",34.7,14,2.5,2018,43
321,"darren","fells","HOU","TE",34.4,9,3.8,2018,44
322,"tavon","austin","DAL","WR",34,6,5.7,2018,122
323,"chris","moore","BAL","WR",33.9,14,2.4,2018,123
324,"travis","benjamin","LAC","WR",33.6,11,3.1,2018,124
325,"trent","sherfield","ARI","WR",33.2,8,4.2,2018,125
326,"marcus","murphy","BUF","RB",33.1,11,3,2018,85
327,"rex","burkhead","NE","RB",33,7,4.7,2018,86
328,"nick","boyle","BAL","TE",32.8,12,2.7,2018,45
329,"michael","roberts","FA","TE",32.5,8,4.1,2018,46
329,"josh","hill","NO","TE",32.5,11,3,2018,47
330,"lance","kendricks","NE","TE",32.5,13,2.5,2018,48
331,"justin","hardy","ATL","WR",32.3,15,2.2,2018,126
332,"will","dissly","SEA","TE",31.6,4,7.9,2018,49
333,"brandon","lafell","FA","WR",31.5,4,7.9,2018,127
334,"tyler","eifert","CIN","TE",31.4,4,7.9,2018,50
335,"jordan","akins","HOU","TE",31,13,2.4,2018,51
336,"phil","dawson","FA","K",31,10,3.1,2018,34
337,"erik","swoope","FA","TE",30.7,7,4.4,2018,52
338,"levine","toilolo","SF","TE",30.5,10,3.1,2018,53
339,"cody","core","CIN","WR",30.5,9,3.4,2018,128
340,"bennie","fowler","NYG","WR",30.3,9,3.4,2018,129
341,"lee","smith","BUF","TE",30.3,9,3.4,2018,54
342,"chase","daniel","CHI","QB",30.2,4,7.6,2018,43
343,"kalen","ballage","MIA","RB",29.9,11,2.7,2018,87
344,"james","o'shaughnessy","JAC","TE",29.4,13,2.3,2018,55
345,"maxx","williams","ARI","TE",29.1,10,2.9,2018,56
346,"giorgio","tavecchio","ATL","K",29,3,9.7,2018,35
347,"blake","jarwin","DAL","TE",28.8,12,2.4,2018,57
348,"deandre","carter","HOU","WR",28,12,2.3,2018,130
348,"wayne","gallman","NYG","RB",28,12,2.3,2018,88
349,"james","washington","PIT","WR",27.8,11,2.5,2018,131
350,"marcell","ateman","OAK","WR",27.7,6,4.6,2018,132
351,"luke","stocker","ATL","TE",27.3,11,2.5,2018,58
352,"colt","mccoy","WAS","QB",27.2,3,9.1,2018,44
353,"dan","arnold","NO","TE",27,7,3.9,2018,59
353,"zane","gonzalez","ARI","K",27,6,4.5,2018,36
354,"mike","gesicki","MIA","TE",26.9,13,2.1,2018,60
354,"charles","clay","ARI","TE",26.9,11,2.4,2018,61
355,"brandon","bolden","NE","RB",26.5,8,3.3,2018,89
356,"blaine","gabbert","TB","QB",26.4,7,3.8,2018,45
357,"mo","alie-cox","IND","TE",26.2,8,3.3,2018,62
357,"austin","carr","NO","WR",26.2,8,3.3,2018,133
358,"josh","bellamy","NYJ","WR",26,13,2,2018,134
359,"mike","nugent","FA","K",26,3,8.7,2018,37
360,"marvin","hall","CHI","WR",25.9,13,2,2018,135
361,"brandon","marshall","FA","WR",25.1,6,4.2,2018,136
362,"matt","mccrane","FA","K",25,4,6.3,2018,38
363,"deonte","thompson","NYJ","WR",24.6,13,1.9,2018,137
364,"taysom","hill","NO","QB",24.2,14,1.7,2018,46
365,"chad","williams","ARI","WR",24,9,2.7,2018,138
366,"hayden","hurst","BAL","TE",23.5,8,2.9,2018,63
366,"garrett","celek","SF","TE",23.5,9,2.6,2018,64
367,"jordan","leggett","TB","TE",23.2,12,1.9,2018,65
368,"tj","jones","NYG","WR",23,11,2.1,2018,139
369,"andre","holmes","FA","WR",22.7,14,1.6,2018,140
370,"d.j.","chark","JAC","WR",22.4,10,2.2,2018,141
371,"damion","ratley","CLE","WR",20.9,6,3.5,2018,142
372,"josh","mccown","PHI","QB",20.7,4,5.2,2018,47
373,"michael","floyd","BAL","WR",20.5,9,2.3,2018,143
373,"austin","seferian-jenkins","FA","TE",20.5,5,4.1,2018,66
374,"cameron","meredith","NE","WR",19.9,3,6.6,2018,144
375,"taquan","mizzell","CHI","RB",19.4,8,2.4,2018,90
376,"marcus","johnson","IND","WR",19,4,4.8,2018,145
377,"nick","o'leary","MIA","TE",18.6,7,2.7,2018,67
378,"zach","line","NO","RB",18.1,12,1.5,2018,91
379,"trey","quinn","WAS","WR",18,3,6,2018,146
380,"leonte","carroo","FA","WR",17.8,4,4.5,2018,147
381,"alex","erickson","CIN","WR",17.6,15,1.2,2018,148
382,"rod","smith","NYG","RB",17.3,13,1.3,2018,92
383,"ronald","jones","TB","RB",17.2,8,2.2,2018,93
384,"logan","paulsen","ATL","TE",17.2,8,2.2,2018,68
385,"mycole","pruitt","TEN","TE",17.1,6,2.9,2018,69
385,"matt","barkley","BUF","QB",17.1,1,17.1,2018,48
386,"jake","kumerow","GB","WR",16.9,4,4.2,2018,149
387,"anthony","sherman","KC","RB",16.9,10,1.7,2018,94
388,"scott","simonson","NYG","TE",16.7,9,1.9,2018,70
389,"derek","carrier","OAK","TE",16.2,10,1.6,2018,71
390,"seth","devalve","CLE","TE",15.9,7,2.3,2018,72
391,"dalton","schultz","DAL","TE",15.4,7,2.2,2018,73
392,"cody","latimer","NYG","WR",15.3,5,3.1,2018,150
392,"adam","shaheen","CHI","TE",15.3,4,3.8,2018,74
393,"corey","grant","FA","RB",15.2,5,3,2018,95
394,"luke","willson","OAK","TE",15.2,11,1.4,2018,75
395,"brice","butler","MIA","WR",15,6,2.5,2018,151
396,"cj","ham","MIN","RB",14.8,13,1.1,2018,96
397,"andre","roberts","BUF","WR",14.6,15,1,2018,152
398,"niles","paul","FA","TE",14.5,6,2.4,2018,76
398,"robert","tonyan","GB","TE",14.5,6,2.4,2018,77
399,"logan","thomas","DET","TE",14.3,9,1.6,2018,78
400,"taylor","heinicke","CAR","QB",13.9,5,2.8,2018,49
401,"alex","armah","CAR","RB",13.4,9,1.5,2018,97
401,"darius","jennings","TEN","WR",13.4,13,1,2018,153
402,"stevan","ridley","FA","RB",13.3,9,1.5,2018,98
402,"vyncint","smith","HOU","WR",13.3,3,4.4,2018,154
403,"kai","forbath","FA","K",13,2,6.5,2018,39
403,"sam","ficken","GB","K",13,2,6.5,2018,40
403,"dontrell","hilliard","CLE","RB",13,10,1.3,2018,99
404,"nathan","peterman","OAK","QB",12.8,4,3.2,2018,50
405,"sam","bradford","FA","QB",12.7,3,4.2,2018,51
406,"jeremy","sprinkle","WAS","TE",12.6,7,1.8,2018,79
407,"jake","butt","DEN","TE",12.5,3,4.2,2018,80
408,"a.j.","derby","NO","TE",12.3,3,4.1,2018,81
409,"cam","batson","TEN","WR",12.3,9,1.4,2018,155
410,"chris","manhertz","CAR","TE",12.2,6,2,2018,82
411,"jermaine","gresham","FA","TE",11.9,9,1.3,2018,83
412,"andy","janovich","DEN","RB",11.7,12,1,2018,100
413,"devonta","freeman","ATL","RB",11.6,2,5.8,2018,101
414,"darrel","williams","KC","RB",11.5,3,3.8,2018,102
414,"andy","jones","DET","WR",11.5,5,2.3,2018,156
414,"keith","ford","GB","RB",11.5,2,5.8,2018,103
415,"eric","tomlinson","NYJ","TE",11.2,13,0.9,2018,84
416,"de'anthony","thomas","FA","WR",11,5,2.2,2018,157
417,"mike","glennon","OAK","QB",10.9,2,5.5,2018,52
418,"charcandrick","west","FA","RB",10.8,1,10.8,2018,104
419,"richie","james","SF","WR",10.8,11,1,2018,158
420,"brian","hill","ATL","RB",10.7,4,2.7,2018,105
421,"elijhaa","penny","NYG","RB",10.4,10,1,2018,106
422,"tommylee","lewis","DET","WR",10.2,6,1.7,2018,159
423,"ryan","izzo","MIN","TE",10.2,5,2,2018,85
423,"blake","bell","KC","TE",10.2,7,1.5,2018,86
424,"corey","coleman","NYG","WR",10.1,7,1.4,2018,160
425,"mark","walton","MIA","RB",10,9,1.1,2018,107
426,"j.j.","nelson","OAK","WR",9.9,9,1.1,2018,161
427,"d'onta","foreman","IND","RB",9.7,1,9.7,2018,108
428,"deontay","burnett","NYJ","WR",9.5,4,2.4,2018,162
429,"matt","lengel","FA","TE",9.2,8,1.2,2018,87
430,"joshua","perkins","PHI","TE",9.2,6,1.5,2018,88
431,"david","grinnage","FA","TE",9.1,3,3,2018,89
432,"darren","waller","OAK","TE",8.8,3,2.9,2018,90
433,"patrick","dimarco","BUF","RB",8.6,9,1,2018,109
434,"kevin","white","ARI","WR",8.5,2,4.3,2018,163
435,"kamar","aiken","FA","WR",8.3,2,4.2,2018,164
436,"antony","auclair","TB","TE",8.3,8,1,2018,91
437,"dwayne","harris","OAK","WR",8.2,14,0.6,2018,165
438,"kenjon","barner","ATL","RB",7.9,9,0.9,2018,110
439,"deandre","washington","OAK","RB",7.9,7,1.1,2018,111
440,"detrez","newsome","LAC","RB",7.8,6,1.3,2018,112
441,"neal","sterling","FA","TE",7.7,4,1.9,2018,92
442,"derrick","willies","CLE","WR",7.6,1,7.6,2018,166
443,"xavier","grimble","PIT","TE",7.5,7,1.1,2018,93
444,"t.j.","logan","ARI","RB",7.4,7,1.1,2018,113
445,"eric","saubert","NE","TE",7.3,8,0.9,2018,94
446,"jacob","hollister","SEA","TE",7.2,4,1.8,2018,95
446,"delanie","walker","TEN","TE",7.2,1,7.2,2018,96
447,"tommy","bohanon","GB","RB",7.1,9,0.8,2018,114
448,"noah","brown","DAL","WR",7.1,6,1.2,2018,167
449,"rashad","greene","FA","WR",7,7,1,2018,168
450,"russell","gage","ATL","WR",6.9,8,0.9,2018,169
451,"eli","rogers","PIT","WR",6.7,2,3.4,2018,170
452,"derek","anderson","FA","QB",6.5,2,3.3,2018,53
453,"roc","thomas","JAC","RB",6.1,5,1.2,2018,115
453,"david","morgan","MIN","TE",6.1,7,0.9,2018,97
454,"rico","gathers","CLE","TE",6,8,0.8,2018,98
454,"jawill","davis","FA","WR",6,7,0.9,2018,171
455,"byron","marshall","WAS","RB",5.9,4,1.5,2018,116
455,"chad","beebe","MIN","WR",5.9,3,2,2018,172
456,"mike","boone","MIN","RB",5.8,6,1,2018,117
456,"john","kelly","LAR","RB",5.8,3,1.9,2018,118
457,"brian","parker","FA","TE",5.8,7,0.8,2018,99
458,"ben","braunecker","CHI","TE",5.7,10,0.6,2018,100
459,"tyler","kroft","BUF","TE",5.6,5,1.1,2018,101
460,"roosevelt","nix","PIT","RB",5.5,11,0.5,2018,119
460,"brandon","powell","DET","WR",5.5,5,1.1,2018,173
461,"marcedes","lewis","GB","TE",5.4,6,0.9,2018,102
462,"shelton","gibson","FA","WR",5.3,6,0.9,2018,174
463,"jalen","tolliver","FA","WR",5.2,3,1.7,2018,175
464,"bobo","wilson","TB","WR",5.1,4,1.3,2018,176
464,"durham","smythe","MIA","TE",5.1,8,0.6,2018,103
465,"tyler","ervin","BAL","RB",5,9,0.6,2018,120
466,"rishard","matthews","FA","WR",4.9,6,0.8,2018,177
467,"shaun","wilson","WAS","RB",4.9,5,1,2018,121
468,"keith","smith","OAK","RB",4.8,10,0.5,2018,122
468,"tre","madden","FA","RB",4.8,8,0.6,2018,123
469,"jordan","franks","CIN","TE",4.7,4,1.2,2018,104
470,"dwayne","washington","NO","RB",4.6,7,0.7,2018,124
471,"samaje","perine","WAS","RB",4.5,3,1.5,2018,125
472,"dwayne","allen","MIA","TE",4.2,4,1.1,2018,105
473,"orson","charles","FA","TE",3.8,10,0.4,2018,106
474,"mike","gillislee","FA","RB",3.7,4,0.9,2018,126
475,"justin","hunter","FA","WR",3.6,4,0.9,2018,178
475,"jeremy","hill","FA","RB",3.6,1,3.6,2018,127
476,"charone","peake","NYJ","WR",3.5,7,0.5,2018,179
476,"auden","tate","CIN","WR",3.5,5,0.7,2018,180
476,"ray-ray","mccloud","BUF","WR",3.5,7,0.5,2018,181
477,"david","williams","DEN","RB",3.4,3,1.1,2018,128
477,"c.j.","prosise","SEA","RB",3.4,2,1.7,2018,129
478,"brian","quick","WAS","WR",3.3,2,1.7,2018,182
479,"cameron","artis-payne","CAR","RB",3.1,3,1,2018,130
480,"de'lance","turner","BAL","RB",3.1,2,1.6,2018,131
481,"malik","turner","SEA","WR",3,3,1,2018,183
481,"derrick","coleman","FA","RB",3,11,0.3,2018,132
482,"sean","culkin","LAC","TE",2.9,2,1.5,2018,107
483,"brandon","zylstra","MIN","WR",2.8,4,0.7,2018,184
483,"tyrone","swoopes","FA","TE",2.8,1,2.8,2018,108
483,"terrance","williams","FA","WR",2.8,2,1.4,2018,185
484,"khadarel","hodge","LAR","WR",2.7,6,0.5,2018,186
484,"nick","williams","DEN","WR",2.7,4,0.7,2018,187
485,"ricky","ortiz","ATL","RB",2.6,4,0.7,2018,133
486,"jamaal","charles","FA","RB",2.4,2,1.2,2018,134
486,"ameer","abdullah","MIN","RB",2.4,9,0.3,2018,135
487,"jamize","olawale","DAL","RB",2.3,10,0.2,2018,136
487,"joe","webb","HOU","QB",2.3,5,0.5,2018,54
488,"hakeem","valles","FA","TE",2.1,2,1.1,2018,109
488,"benny","cunningham","FA","RB",2.1,10,0.2,2018,137
489,"alan","cross","FA","TE",1.9,6,0.3,2018,110
490,"dion","sims","FA","TE",1.9,3,0.6,2018,111
490,"justin","davis","LAR","RB",1.9,4,0.5,2018,138
490,"tim","white","NYJ","WR",1.9,3,0.6,2018,188
491,"jonathan","stewart","FA","RB",1.7,3,0.6,2018,139
491,"matt","cassel","FA","QB",1.7,2,0.9,2018,55
492,"jeremy","kerley","FA","WR",1.7,1,1.7,2018,189
492,"sammie","coates","FA","WR",1.7,4,0.4,2018,190
492,"josh","malone","CIN","WR",1.7,3,0.6,2018,191
493,"david","fluellen","TEN","RB",1.6,4,0.4,2018,140
494,"victor","bolden","BUF","WR",1.5,2,0.8,2018,192
494,"justin","hardee","NO","WR",1.5,11,0.1,2018,193
494,"kyle","allen","CAR","QB",1.5,1,1.5,2018,56
494,"brandon","wilds","SF","RB",1.5,3,0.5,2018,141
495,"john","phillips","FA","TE",1.4,1,1.4,2018,112
495,"cam","phillips","BUF","WR",1.4,2,0.7,2018,194
496,"ross","dwelley","SF","TE",1.3,3,0.4,2018,113
496,"keon","hatcher","OAK","WR",1.3,2,0.7,2018,195
496,"damiere","byrd","ARI","WR",1.3,7,0.2,2018,196
497,"marcus","kemp","KC","WR",1.2,6,0.2,2018,197
497,"richard","rodgers","PHI","TE",1.2,3,0.4,2018,114
498,"michael","burton","NO","RB",1.1,3,0.4,2018,142
499,"khari","lee","FA","TE",1,1,1,2018,115
499,"derek","watt","LAC","RB",1,7,0.1,2018,143
499,"justin","watson","TB","WR",1,6,0.2,2018,198
500,"christine","michael","FA","RB",0.9,1,0.9,2018,144
500,"joshua","dobbs","PIT","QB",0.9,5,0.2,2018,57
501,"j.d.","mckissic","SEA","RB",0.8,3,0.3,2018,145
501,"robert","griffin","BAL","QB",0.8,2,0.4,2018,58
502,"robert","kelley","FA","RB",0.8,2,0.4,2018,146
503,"dan","vitale","GB","RB",0.7,1,0.7,2018,147
503,"darrius","heyward-bey","FA","WR",0.7,8,0.1,2018,199
503,"geno","smith","SEA","QB",0.7,3,0.2,2018,59
504,"jonathan","williams","IND","RB",0.6,3,0.2,2018,148
504,"matt","schaub","ATL","QB",0.6,2,0.3,2018,60
505,"jeremy","mcnichols","TEN","RB",0.4,1,0.4,2018,149
506,"mark","sanchez","FA","QB",0.3,2,0.2,2018,61
507,"aj","mccarron","HOU","QB",0.1,2,0,2018,62
508,"da'mari","scott","NYG","WR",0,2,0,2018,200
508,"matt","flanagan","WAS","TE",0,2,0,2018,116
508,"tra","carson","GB","RB",0,2,0,2018,150
508,"janarion","grant","FA","WR",0,2,0,2018,201
508,"matthew","dayes","FA","RB",0,3,0,2018,151
508,"mike","wallace","FA","WR",0,1,0,2018,202
508,"isaiah","ford","MIA","WR",0,1,0,2018,203
508,"de'angelo","henderson","MIN","RB",0,1,0,2018,152
508,"temarrick","hemingway","CAR","TE",0,1,0,2018,117
508,"nate","sudfeld","PHI","QB",0,1,0,2018,63
508,"lavon","coleman","FA","RB",0,1,0,2018,153
508,"donnie","ernsberger","JAC","RB",0,1,0,2018,154
508,"jerome","cunningham","DET","TE",0,1,0,2018,118
508,"darvin","kidsy","WAS","WR",0,1,0,2018,204
508,"darius","jackson","DAL","RB",0,1,0,2018,155
508,"garrett","dickerson","NYG","TE",0,1,0,2018,119
508,"trey","edmunds","PIT","RB",0,1,0,2018,156
508,"boston","scott","PHI","RB",0,1,0,2018,157
508,"ben","koyack","JAC","TE",0,1,0,2018,120
508,"johnny","mundt","LAR","TE",0,1,0,2018,121
508,"gehrig","dieter","KC","WR",0,2,0,2018,205
508,"lance","lenoir","FA","WR",0,2,0,2018,206
508,"daniel","brown","NYJ","TE",0,2,0,2018,122
508,"quadree","henderson","JAC","WR",0,5,0,2018,207
508,"beau","brinkley","TEN","TE",0,6,0,2018,123
508,"ryan","hewitt","TEN","RB",0,4,0,2018,158
508,"deante","burton","HOU","WR",0,2,0,2018,208
508,"cole","wick","TEN","TE",0,2,0,2018,124
508,"senorise","perry","BUF","RB",0,11,0,2018,159
508,"gregory","howell","HOU","RB",0,8,0,2018,160
508,"brandon","tate","FA","WR",0,1,0,2018,209
508,"river","cracraft","DEN","WR",0,7,0,2018,210
508,"javon","wims","CHI","WR",0,1,0,2018,211
508,"kyle","sloter","MIN","QB",0,1,0,2018,64
508,"mason","schreck","CIN","TE",0,1,0,2018,125
508,"gabe","holmes","IND","TE",0,1,0,2018,126
508,"freddie","martino","FA","WR",0,1,0,2018,212
508,"jaydon","mickens","CAR","WR",0,6,0,2018,213
508,"matt","slater","NE","WR",0,8,0,2018,214
508,"tanner","mcevoy","TEN","WR",0,1,0,2018,215
508,"dare","ogunbowale","TB","RB",0,1,0,2018,161
508,"taiwan","jones","HOU","RB",0,6,0,2018,162
508,"johnny","holton","PIT","WR",0,1,0,2018,216
508,"brandon","wilson","CIN","RB",0,11,0,2018,163
508,"trevor","davis","GB","WR",0,2,0,2018,217
508,"pharoh","cooper","ARI","WR",0,6,0,2018,218
508,"geremy","davis","LAC","WR",0,5,0,2018,219
508,"stacy","coley","FA","WR",0,2,0,2018,220
508,"darrell","daniels","ARI","TE",0,5,0,2018,127
509,"chad","kelly","IND","QB",-0.1,1,-0.1,2018,65
509,"brandon","weeden","FA","QB",-0.1,1,-0.1,2018,66
509,"sean","mannion","MIN","QB",-0.1,2,-0.1,2018,67
510,"brian","hoyer","NE","QB",-0.2,4,-0.1,2018,68
510,"robert","turbin","FA","RB",-0.2,2,-0.1,2018,164
511,"jehu","chesson","WAS","WR",-0.4,6,-0.1,2018,221
512,"j'mon","moore","GB","WR",-0.5,6,-0.1,2018,222
513,"jacoby","brissett","IND","QB",-0.6,4,-0.2,2018,69
514,"teddy","bridgewater","NO","QB",-0.7,3,-0.2,2018,70
515,"rod","streater","FA","WR",-1.1,1,-1.1,2018,223
516,"deshone","kizer","GB","QB",-1.9,2,-1,2018,71
517,"jojo","natson","LAR","WR",-2,12,-0.2,2018,224
517,"j.j.","jones","NYJ","WR",-2,3,-0.7,2018,225
517,"riley","mccarron","FA","WR",-2,1,-2,2018,226
517,"kaelin","clay","FA","WR",-2,2,-1,2018,227
518,"kyle","lauletta","NYG","QB",-2.2,1,-2.2,2018,72
